Country Name,Country Code,Indicator Name,Indicator Code,1960,1961,1962,1963,1964,1965,1966,1967,1968,1969,1970,1971,1972,1973,1974,1975,1976,1977,1978,1979,1980,1981,1982,1983,1984,1985,1986,1987,1988,1989,1990,1991,1992,1993,1994,1995,1996,1997,1998,1999,2000,2001,2002,2003,2004,2005,2006,2007,2008,2009,2010,2011,2012,2013,2014,2015,2016,2017,2018,2019,2020,2021,2022,2023
Sri Lanka,LKA,Access to clean fuels and technologies for cooking (% of population),EG.CFT.ACCS.ZS,,,,,,,,,,,,,,,,,,,,,,,,,,,,,,,,,,,,,,,,,16.4,17.1,17.5,18.1,18.7,19.2,19.8,20.4,20.8,21.5,22,22.7,23.3,24.1,24.8,25.9,27,27.9,29.1,30.2,31.5,32.6,,
Sri Lanka,LKA,Access to electricity (% of population),EG.ELC.ACCS.ZS,,,,,,,,,,,,,,,,,,,,,,,,,,,,,,,,,,,,,,,,,70.3423996,63.6,80.7,74.97201538,76.51680756,78.07408142,82.05,80,82.86255646,87.09,85.3,87.76,87,90.2,92.69762421,94.33074951,97.5,97.5,99.58557892,99.76135254,99.97409821,100,,
Sri Lanka,LKA,Adjusted savings: natural resources depletion (% of GNI),NY.ADJ.DRES.GN.ZS,,,,,,,,,,,,0.213603863,0.20228457,0.287241747,0.272557399,0.562197115,0.404635612,1.122893629,1.604507312,0.54968088,0.556424633,0.450825535,0.625480844,0.426606368,0.294295113,0.206830936,0.357038962,0.321962768,0.325391009,0.319368395,0.331612898,0.432070243,0.402081728,0.35191985,0.278789179,0.31732513,0.290259567,0.152156184,0.135270179,0.154479778,0.138427521,0.146444928,0.156161254,0.154092077,0.11888646,0.10307594,0.132781295,0.15346802,0.119248842,0.108101643,0.129407955,0.113286284,0.093921252,0.076894108,0.072984491,0.079462096,0.08250463,0.060493913,0.043164892,0.049243351,0.057573715,0.055757259,,
Sri Lanka,LKA,Adjusted savings: net forest depletion (% of GNI),NY.ADJ.DFOR.GN.ZS,,,,,,,,,,,0.231008295,0.213603863,0.20228457,0.287241747,0.272557399,0.562197115,0.404635612,1.122893629,1.604507312,0.54968088,0.555941528,0.450145856,0.625088639,0.426363687,0.294295113,0.20676434,0.357038962,0.321962768,0.325391009,0.319368395,0.331612898,0.432070243,0.402081728,0.35191985,0.278789179,0.31732513,0.290259567,0.152156184,0.135270179,0.154479778,0.138427521,0.146444928,0.156161254,0.154092077,0.11888646,0.10307594,0.132499164,0.152881929,0.11496849,0.102097393,0.127625354,0.109454217,0.091323854,0.075553063,0.071787454,0.078415446,0.081855619,0.060023196,0.043095889,0.049243351,0.057573715,0.055757259,,
Sri Lanka,LKA,Agricultural land (% of land area),AG.LND.AGRI.ZS,,27.47568171,27.22053899,32.84962526,33.53532132,34.38048158,35.16185616,35.95917716,37.01164089,37.12326583,37.20299793,37.29867645,37.39435497,37.49003349,37.58571201,37.61760485,38.20762239,38.79763993,39.37171105,37.61760485,37.45814065,37.45814065,36.61298039,36.80433743,36.85217669,36.91596237,37.09137299,37.21894435,37.26678361,37.31462287,37.29867645,37.34651571,37.37840855,36.99569447,37.04353373,37.09137299,37.10731941,37.12326583,37.13921225,37.39435497,37.47408707,37.49003349,37.56976559,37.79301547,36.83623027,40.02551427,38.90926487,38.11194387,41.38095997,41.62015627,41.77962048,43.53372668,43.69319088,43.69319088,43.69319088,44.26994975,44.43151891,44.59631945,45.44807966,45.44729471,45.45748464,45.45748464,,
Sri Lanka,LKA,"Agriculture, forestry, and fishing, value added (% of GDP)",NV.AGR.TOTL.ZS,32.10419693,32.90995044,31.09252254,32.34974143,30.96238539,28.56488687,28.68265285,30.0772318,31.62786977,29.32323546,28.76776884,27.52395522,26.73869749,27.66915715,33.52872346,30.6494283,29.32061172,30.97782322,30.78518565,27.23629969,27.81798727,27.96159105,26.5994502,28.4760072,28.85648932,28.05746361,27.45499681,27.30228993,26.68362343,25.95598285,26.68499557,27.08797056,26.12236113,24.88070331,23.97383949,23.14012307,22.53906328,21.94860064,21.16449052,20.72848094,19.92731504,20.0666052,14.27932254,13.23051488,12.54380414,11.81947682,11.33628023,11.68316433,13.37920077,12.6919713,9.048337007,9.53315935,7.910288868,7.924604117,8.080707923,8.216938879,7.261718478,7.43067878,7.592066517,7.256248938,8.238012422,8.834625715,8.749250343,
Sri Lanka,LKA,"Annual freshwater withdrawals, total (% of internal resources)",ER.H2O.FWTL.ZS,,,,,,,,,,,,,,,,,,,,,,,,,,,,,,,18.50189394,19.11583333,19.72977273,20.34371212,20.95765152,21.57159091,22.1855303,22.7994697,23.41340909,24.02734848,24.64128788,24.61681818,24.59234848,24.56787879,24.54340909,24.51893939,24.51893939,24.51893939,24.51893939,24.51893939,24.51893939,24.51893939,24.51893939,24.51893939,24.51893939,24.51893939,24.51893939,24.51893939,24.51893939,24.51893939,24.51893939,,,
Sri Lanka,LKA,"Annualized average growth rate in per capita real survey mean consumption or income, total population (%)",SI.SPR.PCAP.ZG,,,,,,,,,,,,,,,,,,,,,,,,,,,,,,,,,,,,,,,,,,,,,,,,,,,,,,,,,,,,0.65,,,,
Sri Lanka,LKA,"Cause of death, by communicable diseases and maternal, prenatal and nutrition conditions (% of total)",SH.DTH.COMM.ZS,,,,,,,,,,,,,,,,,,,,,,,,,,,,,,,,,,,,,,,,,11.17984096,,,,,,,,,,8.266989581,,,,,9.220567596,,,,9.470242124,,,,
Sri Lanka,LKA,"Children in employment, total (% of children ages 7-14)",SL.TLF.0714.ZS,,,,,,,,,,,,,,,,,,,,,,,,,,,,,,,,,,,,,,,,17,,,,,,,,,,10.7,,,,,,,,,,,,,,
Sri Lanka,LKA,CO2 emissions (metric tons per capita),EN.ATM.CO2E.PC,,,,,,,,,,,,,,,,,,,,,,,,,,,,,,,0.223156186,0.228827723,0.297785061,0.285617138,0.320168885,0.319976727,0.456012949,0.45208111,0.463794714,0.508628332,0.582056032,0.573353189,0.595749807,0.643018404,0.66023168,0.710810981,0.624280788,0.676917851,0.631515599,0.600093436,0.632448603,0.738753109,0.829817672,0.683729265,0.821974874,0.901775003,1.081309957,1.075961371,1.000936779,1.074526441,0.996683243,,,
Sri Lanka,LKA,Coastal protection,EN.CLC.CSTP.ZS,,,,,,,,,,,,,,,,,,,,,,,,,,,,,,,,,,,,,,,,,,,,,,,,,,,,,93.63,93.63,93.63,93.63,93.63,93.63,93.63,93.63,93.63,,,
Sri Lanka,LKA,Control of Corruption: Estimate,CC.EST,,,,,,,,,,,,,,,,,,,,,,,,,,,,,,,,,,,,,-0.056539331,,-0.083364762,,-0.199228778,,-0.216593146,-0.27202031,-0.167387903,-0.33986178,-0.194801018,-0.146113589,-0.21860835,-0.396393329,-0.41968292,-0.399362594,-0.241880506,-0.220829561,-0.345142692,-0.376569152,-0.335664779,-0.489461154,-0.352467418,-0.303825676,-0.33045432,-0.356352985,-0.383287221,
Sri Lanka,LKA,Cooling Degree Days,EN.CLC.CDDY.XD,,,,,,,,,,,5020.85,4900.53,5178.79,5286.07,5049.48,4946.93,5154.97,5052.68,5117.77,5460.14,5413.68,5178.59,5307.95,5637.18,4991.67,5161.67,5284.74,5479.06,5324.11,5162.1,5386.8,5375.16,5222.87,5259.17,5132.05,5321.75,5227.84,5397.3,5734.04,5097.98,5096.96,5316.12,5357.62,5378.64,5371.18,5517.4,5364.18,5304.99,5276.16,5489.78,5460.3,5319.92,5480.96,5366.13,5394.34,5439.2,5806.03,5485.57,5239.11,5594.01,5668.45,,,
Sri Lanka,LKA,Economic and Social Rights Performance Score,SD.ESR.PERF.XQ,,,,,,,,,,,,,,,,,,,,,,,,,,,,,,,,,,,,,,,,,,,,,,,,2.300183905,2.302307393,2.299805473,2.325075327,2.326843199,2.344575274,2.351616106,2.358491873,2.371313434,2.370310471,2.375684049,2.382423027,,,,,
Sri Lanka,LKA,Electricity production from coal sources (% of total),EG.ELC.COAL.ZS,,,,,,,,,,,,0,0,0,0,0,0,0,0,0,0,0,0,0,0,0,0,0,0,0,0,0,0,0,0,0,0,0,0,0,0,0,0,0,0,0,0,0,0,0,0,8.903757077,11.79732796,12.21824836,25.69617206,33.70505234,,,,,,,,
Sri Lanka,LKA,"Energy imports, net (% of energy use)",EG.IMP.CONS.ZS,,,,,,,,,,,,26.01175125,30.49144408,31.10530723,26.34564325,24.06802711,23.53394827,25.40010916,27.40800523,28.8030184,29.23335183,28.64684178,30.10971431,30.48243335,26.45727191,24.43139872,24.1379905,25.69574701,24.56767902,23.31428138,24.02020093,25.00236178,24.68206838,29.68370235,31.28738593,33.02701832,37.44205087,37.59233661,39.00010396,39.84675414,42.9804053,43.31077659,44.56981265,46.38035351,45.83868444,45.33469753,43.24540599,45.18158132,44.35420077,43.55871971,43.08770527,48.84018447,47.31202305,45.87417027,50.26849245,,,,,,,,,
Sri Lanka,LKA,Energy intensity level of primary energy (MJ/$2017 PPP GDP),EG.EGY.PRIM.PP.KD,,,,,,,,,,,,,,,,,,,,,,,,,,,,,,,,,,,,,,,,,3.12,3.06,3,3,2.88,2.78,2.6,2.48,2.28,2.24,2.21,2.07,1.95,1.74,1.78,1.77,1.85,1.71,1.65,1.68,1.73,,,
Sri Lanka,LKA,Energy use (kg of oil equivalent per capita),EG.USE.PCAP.KG.OE,,,,,,,,,,,,300.1185098,313.2446064,313.8733143,292.7025797,300.7340403,297.3638712,289.3295399,299.7332051,305.5658546,303.4394888,304.297648,316.9344053,314.06426,319.1726838,310.4329526,316.2743952,323.9639795,324.1646941,321.0343382,320.631938,321.5084624,326.013505,339.8266124,322.9575104,330.3602373,366.7684977,377.48835,381.4370481,404.9262226,443.4555005,425.4418606,428.9594833,449.7672922,451.4021778,457.4926453,457.0817464,461.2073867,449.3119592,441.6482928,471.3088098,501.3422265,535.4959929,474.7681641,504.3108211,,,,,,,,,
Sri Lanka,LKA,"Fertility rate, total (births per woman)",SP.DYN.TFRT.IN,5.465,5.331,5.261,5.211,5.135,5.004,4.884,4.855,4.682,4.5,4.361,4.242,4.147,4.033,3.848,3.792,3.746,3.676,3.724,3.74,3.643,3.576,3.298,3.093,2.988,2.879,2.744,2.657,2.565,2.558,2.517,2.5,2.483,2.406,2.343,2.295,2.238,2.182,2.116,2.138,2.191,2.261,2.275,2.276,2.267,2.283,2.344,2.327,2.275,2.224,2.196,2.206,2.196,2.181,2.13,2.091,2.068,2.053,2.031,2.019,2,,,
Sri Lanka,LKA,Food production index (2014-2016 = 100),AG.PRD.FOOD.XD,,30.72,32.72,34.09,36.3,33.1,33.5,37.52,39.14,38.79,41.47,41.31,40.65,40.02,45.13,47.08,47.83,48.41,51.18,59.53,64.68,61.36,58.18,65.63,61.49,63.64,63.61,55.12,58.45,55.89,60.71,58.29,58.71,62.68,67.37,69.34,61.14,63.01,64.58,67.37,68.86,66.67,67.7,70.36,67.02,73.32,74.81,74.12,82.75,81.48,89.51,85.74,90.74,99.17,89.76,105.56,104.68,83.18,105,107.94,125.88,130.31,,
Sri Lanka,LKA,Forest area (% of land area),AG.LND.FRST.ZS,,,,,,,,,,,,,,,,,,,,,,,,,,,,,,,37.47934939,37.18607878,36.89280816,36.59953755,36.30626694,36.01299633,35.71972572,35.42645511,35.1331845,34.83991389,34.54664328,34.44649976,34.34635624,34.24621273,34.14606921,34.04592569,33.94578217,33.84563865,33.74549514,33.64535162,33.5452081,33.62557806,33.70594801,33.78631797,33.86668793,34.39516585,34.34411,34.29305414,34.25804992,34.20671025,34.15809893,34.10701584,,
Sri Lanka,LKA,Fossil fuel energy consumption (% of total),EG.USE.COMM.FO.ZS,,,,,,,,,,,,26.01177758,30.49144408,31.10533142,26.34566871,24.06802711,23.53397244,25.40010916,27.40800523,28.80304069,29.23332978,28.64684178,30.57580187,30.91622868,26.80580479,24.74067138,24.50859956,26.12117835,24.74355181,23.55703249,24.11358073,25.13374657,24.79726535,29.80516926,31.698369,33.06375348,37.55152811,37.67683864,38.92736154,39.8370321,43.0245776,43.35644415,44.58774447,46.37187614,45.79686823,45.29383381,43.43980102,45.38813774,44.86267171,43.55871971,43.08771554,48.84018447,47.31202305,45.87418024,50.54557398,,,,,,,,,
Sri Lanka,LKA,GDP growth (annual %),NY.GDP.MKTP.KD.ZG,,,3.818019558,2.516748594,3.906433837,2.536953536,5.023789438,6.43902442,5.801094166,7.716819662,3.846629857,1.306905397,-0.410479911,7.057398935,3.845830836,6.126233161,3.335106692,5.100590264,5.653836858,6.403556926,5.846026516,5.699524767,4.141495702,4.81399097,5.099146558,4.999406369,4.355546917,1.725610693,2.472685038,2.299301412,6.399995311,4.599987244,4.399991252,6.900063251,5.599918725,5.500085234,3.799967206,6.405399696,4.698423048,4.300540498,6.000033158,-1.545408134,3.964675685,5.940269078,5.445061279,6.241748044,7.668291901,6.796826119,5.950088145,3.538912053,8.01596737,8.669483012,8.63218138,4.051746329,6.377978893,4.205955476,5.053624893,6.460681271,2.310084252,-0.220483886,-4.624515816,3.512224555,-7.823977326,
Sri Lanka,LKA,GHG net emissions/removals by LUCF (Mt of CO2 equivalent),EN.CLC.GHGR.MT.CE,,,,,,,,,,,,,,,,,,,,,,,,,,,,,,,,,,,,379.079,,,,,,,,,,,,,,,,,,,,,,,,,,,,
Sri Lanka,LKA,Gini index,SI.POV.GINI,,,,,,,,,,,,,,,,,,,,,,,,,,32.5,,,,,32.4,,,,,35.4,,,,,,,40.2,,,,39.7,,,36.1,,,38.7,,,,39.3,,,37.7,,,,
Sri Lanka,LKA,Government Effectiveness: Estimate,GE.EST,,,,,,,,,,,,,,,,,,,,,,,,,,,,,,,,,,,,,-0.183629289,,-0.462085247,,-0.342374563,,-0.072716258,-0.271150827,-0.439886004,-0.312482685,-0.162567288,-0.076403596,-0.120211169,-0.152532563,-0.201909423,-0.109467715,-0.20431897,-0.166998431,0.067863934,-0.006698806,-0.027842298,-0.174448192,-0.2565341,-0.124889262,-0.078914493,-0.114498667,-0.391204476,
Sri Lanka,LKA,"Government expenditure on education, total (% of government expenditure)",SE.XPD.TOTL.GB.ZS,,,,,,,,,,,,,,,,,,,,,,,,,,,,,,,,10.87623024,,,12.70728016,11.56567001,12.69388962,,11.66882992,,,,,,,,,,,8.2707901,8.605660439,9.110159874,8.394029617,9.419949532,10.8239603,10.95026016,17.72875977,14.49975967,11.33090019,,5.46859169,5.03881216,5.345830441,
Sri Lanka,LKA,Heat Index 35,EN.CLC.HEAT.XD,,,,,,,,,,,2.49,1.31,1.04,7.04,1.27,1.64,1.78,0.98,2.75,8.06,13.4,5.29,4.38,17.5,3.34,6.87,5.17,9.3,9.8,5.17,5.39,10.15,2.96,7.01,6.81,3.69,7.42,4.29,28.6,1.15,4.23,6.28,6.04,10.51,6.91,14.87,8.94,11.81,5.59,13.95,20.97,7.08,8.61,12.89,13.3,13.43,25.82,21.73,4.39,23.92,19.06,,,
Sri Lanka,LKA,Heating Degree Days,EN.CLC.HDDY.XD,,,,,,,,,,,0,0.09,0.02,0,0.24,0.52,0.16,0,0.02,0,0,0.04,0.01,0.05,0,0,0,0,0,0.04,0.02,0,0.09,0.12,0,0,0,0,0,0,0,0.02,0,0,0,0,0,0,0,0,0,0.47,0,0,0,0,0,0,0.04,0,0,,,
Sri Lanka,LKA,"Hospital beds (per 1,000 people)",SH.MED.BEDS.ZS,3.138841152,,,,,,,,,,3.016900063,,,,,3.333300114,,,,,2.944000006,2.937599897,,,,,,,,2.403000116,2.743499994,,,,,,,,,2.200000048,2.9,3,3.1,,3.1,,,,,,3.51,,3.6,,,,,4.15,,,,,,
Sri Lanka,LKA,Income share held by lowest 20%,SI.DST.FRST.20,,,,,,,,,,,,,,,,,,,,,,,,,,8.3,,,,,8.7,,,,,8,,,,,,,7,,,,7,,,7.8,,,7.3,,,,7.1,,,7.4,,,,
Sri Lanka,LKA,Individuals using the Internet (% of population),IT.NET.USER.ZS,,,,,,,,,,,,,,,,,,,,,,,,,,,,,,,0,0,0,0,0.002765448,0.005484436,0.054464499,0.162464548,0.296351104,0.348414425,0.647410011,0.793821864,1.050422706,1.458580228,1.44615998,1.792046794,2.537566129,3.88,,,,,,,10.5,15.26,22.19,32.25,46.9,50.68732735,36.18473435,44.45308724,,
Sri Lanka,LKA,"Labor force participation rate, total (% of total population ages 15-64) (modeled ILO estimate)",SL.TLF.ACTI.ZS,,,,,,,,,,,,,,,,,,,,,,,,,,,,,,,65.198,62.672,60.091,60.25,60.67,58.333,58.956,58.822,62.826,61.199,59.354,59.1,58.852,58.61,58.369,58.132,57.903,57.695,57.495,57.293,57.089,56.703,56.377,57.538,57.329,57.93,58.031,58.377,56.297,56.864,56.182,56.705,,
Sri Lanka,LKA,Land Surface Temperature,EN.LND.LTMP.DC,,,,,,,,,,,,,,,,,,,,,,,,,,,,,,,,,,,,,,,,,30.3129681,30.0629608,30.0632276,29.5626075,30.1880041,29.9381468,29.8126621,29.9378525,29.4379894,30.1868988,30.1866478,29.9367092,30.563757,29.8122304,30.6873576,29.5615913,30.6879203,30.4378643,30.1871765,30.5613336,30.6875471,29.685627,,
Sri Lanka,LKA,Level of water stress: freshwater withdrawal as a proportion of available freshwater resources,ER.H2O.FWST.ZS,,,,,,,,,,,,,,,,,,,,,,,,,,,,,,,68.50631136,70.77952314,73.05273492,75.3259467,77.59915849,79.87237027,82.14558205,84.41879383,86.69200561,88.96521739,91.23842917,91.14782609,91.057223,90.96661992,90.87601683,90.78541374,90.78541374,90.78541374,90.78541374,90.78541374,90.78541374,90.78541374,90.78541374,90.78541374,90.78541374,90.78541374,90.78541374,90.78541374,90.78541374,90.78541374,90.78541374,,,
Sri Lanka,LKA,"Life expectancy at birth, total (years)",SP.DYN.LE00.IN,60.699,61.328,61.733,61.976,62.174,62.637,63.055,63.51,63.777,63.993,65.267,65.922,65.828,65.939,65.999,66.237,66.513,66.551,67.566,68.13,68.661,69.212,69.674,70.068,70.649,70.969,71.421,71.457,71.549,69.761,71.927,71.751,72.53,73.052,72.882,72.26,72.261,72.136,72.081,72.618,70.355,70.787,71.117,71.373,67.091,72.118,71.969,72.049,71.729,69.187,73.215,73.38,73.906,74.239,74.651,74.927,75.331,75.403,75.748,76.008,76.393,,,
Sri Lanka,LKA,"Literacy rate, adult total (% of people ages 15 and above)",SE.ADT.LITR.ZS,,,,,,,,,,,,,,,,,,,,,,86.77792358,,,,,,,,,,,,,,,,,,,,90.68274689,,,,,90.80883026,,90.55795288,,91.18135834,,,,,,92.38690186,91.89575195,91.70982361,92.25296021,92.38230133,92.42903137,,
Sri Lanka,LKA,"Mammal species, threatened",EN.MAM.THRD.NO,,,,,,,,,,,,,,,,,,,,,,,,,,,,,,,,,,,,,,,,,,,,,,,,,,,,,,,,,,,30,,,,,
Sri Lanka,LKA,Methane emissions (metric tons of CO2 equivalent per capita),EN.ATM.METH.PC,,,,,,,,,,,,,,,,,,,,,,,,,,,,,,,1.03740662,1.010712499,1.022142925,1.031415237,1.022614329,1.019428227,0.867446707,0.753663196,0.599368088,0.505501057,0.388737925,0.377095092,0.378549086,0.391717117,0.36694334,0.395035561,0.392726121,0.379260408,0.408583178,0.39588845,0.41574224,0.407133765,0.404680484,0.413327825,0.366474589,0.409825958,0.385750502,0.343281236,0.378924579,0.366301582,0.382210465,,,
Sri Lanka,LKA,"Mortality rate, under-5 (per 1,000 live births)",SH.DYN.MORT,93.9,89.7,86.9,84.8,82.9,80.8,78.2,75.5,73.1,71.4,70.1,69.3,68.5,67.5,66.1,64,61.1,57.7,53.8,49.9,46.2,43,40,36.8,33.4,30.2,27.4,25.2,23.8,27.1,22.8,22.5,22,21.4,20.7,19.9,19.2,18.5,17.8,17.1,16.5,16,15.6,15.1,28.9,14.1,13.4,12.6,12,20.9,11.2,10.8,10.4,9.9,9.3,8.8,8.3,7.9,7.6,7.3,7,6.7,,
Sri Lanka,LKA,Net migration,SM.POP.NETM,-12606,-11097,-9899,-9202,-8695,-8295,-7899,-7693,-8198,-11304,-16297,-22014,-27097,-30602,-33995,-37505,-41298,-45398,-50197,-57696,-66398,-74202,-78992,-78295,-68489,-53596,-38793,-28905,-27896,-30997,-36199,-42400,-48501,-54206,-63104,-73695,-83689,-90691,-92990,-92896,-91900,-15604,-20309,-20932,-1028,-36955,-23795,-19572,-11557,5484,-26603,-13277,-97095,-97189,-97807,-98598,-98896,-98598,-97100,-94897,-92400,,,
Sri Lanka,LKA,Nitrous oxide emissions (metric tons of CO2 equivalent per capita),EN.ATM.NOXE.PC,,,,,,,,,,,,,,,,,,,,,,,,,,,,,,,0.116510197,0.111609646,0.115281989,0.119559627,0.121913158,0.118200385,0.115714043,0.116383576,0.115045838,0.124204904,0.121581942,0.11983065,0.129485082,0.118102699,0.120772376,0.129606039,0.126540831,0.121067932,0.136971297,0.12688282,0.125492681,0.136213299,0.123729085,0.113320547,0.137615548,0.120310266,0.110461799,0.10139554,0.094259116,0.115815766,0.144039202,,,
Sri Lanka,LKA,"Patent applications, residents",IP.PAT.RESD,,,,,,,,,,,,,,,,,,,,,11,6,12,16,16,28,26,41,26,28,23,33,36,49,36,76,50,81,54,119,71,120,123,95,120,149,153,151,201,202,225,194,,328,,218,280,277,343,356,353,266,,
Sri Lanka,LKA,People using safely managed drinking water services (% of population),SH.H2O.SMDW.ZS,,,,,,,,,,,,,,,,,,,,,,,,,,,,,,,,,,,,,,,,,44.69059975,44.82000549,44.94892689,45.07835542,45.20779762,45.33675343,45.52626264,45.71533013,45.90495644,46.09464219,46.28387278,46.47367028,46.66352846,46.86227995,47.0706,47.28864635,47.51605689,47.75351269,48.00170885,47.82528978,47.5914243,47.35929945,47.12753287,
Sri Lanka,LKA,People using safely managed sanitation services (% of population),SH.STA.SMSS.ZS,,,,,,,,,,,,,,,,,,,,,,,,,,,,,,,,,,,,,,,,,,,,,,,,,,,,,,,,,,,,,,,,
Sri Lanka,LKA,"PM2.5 air pollution, mean annual exposure (micrograms per cubic meter)",EN.ATM.PM25.MC.M3,,,,,,,,,,,,,,,,,,,,,,,,,,,,,,,22.96583352,,,,,21.81013588,,,,,24.17892698,,,,,24.07469414,,,,,24.69380238,21.56928542,22.42414797,22.99523942,20.96900691,18.97034499,20.7396319,19.92492371,19.69446106,19.96439581,,,,
Sri Lanka,LKA,Political Stability and Absence of Violence/Terrorism: Estimate,PV.EST,,,,,,,,,,,,,,,,,,,,,,,,,,,,,,,,,,,,,-1.778298974,,-1.48284018,,-1.904112697,,-0.777628899,-0.833158433,-1.010440588,-1.152236819,-1.421550751,-1.751283646,-1.798595548,-1.340903044,-0.942946851,-0.72477144,-0.717079222,-0.612895429,-0.330464035,0.083182663,-0.01134005,-0.07544852,-0.139389724,-0.215569809,-0.089156918,-0.376803756,-0.785569847,
Sri Lanka,LKA,Population ages 65 and above (% of total population),SP.POP.65UP.TO.ZS,4.674126188,4.515535069,4.382517209,4.270774399,4.181658464,4.117564809,4.078219981,4.060333378,4.059082547,4.070150795,4.10176346,4.158802793,4.223716104,4.28881002,4.360109302,4.4368046,4.516307134,4.595660621,4.680205584,4.770538406,4.863422039,4.961270927,5.065496546,5.179078315,5.302947804,5.432492159,5.564626659,5.697640541,5.830185779,5.959003566,6.086931983,6.218129357,6.351117654,6.485449321,6.611428077,6.724638287,6.827736883,6.921510766,7.008346489,7.095979111,7.145760488,7.150429896,7.158304168,7.172535821,7.187593748,7.208667071,7.241204716,7.314207732,7.410061081,7.517621221,7.642611247,7.783559648,8.004150135,8.303095864,8.634274407,8.986503183,9.336979581,9.696994848,10.07474499,10.44922221,10.8029791,,,
Sri Lanka,LKA,Population density (people per sq. km of land area),EN.POP.DNST,,159.8291819,163.7229628,167.716967,171.8081008,175.972317,180.1900973,184.5161537,188.914288,193.2579652,197.5565141,201.7963802,205.9393558,210.0101579,213.9734652,217.8739117,221.8174135,225.7861904,229.8647106,234.0996173,238.2976399,242.3683304,246.1928401,249.6960931,253.1107798,256.615181,260.2136023,263.8676288,267.4810397,270.9388455,274.3437091,277.7323553,281.0469941,284.2546803,287.2228353,289.8671982,292.1783767,294.1974645,295.978281,297.7262159,299.4158986,301.7106522,304.7473609,307.8166162,310.8025993,313.7277308,316.8666241,320.1826662,323.4833838,326.6221815,329.5894913,332.6382236,335.1482539,336.9758571,338.6933025,344.7352205,346.1699061,347.4837704,350.284495,352.4316946,354.3323634,358.1635952,,
Sri Lanka,LKA,Poverty headcount ratio at national poverty lines (% of population),SI.POV.NAHC,,,,,,,,,,,,,,,,,,,,,,,,,,,,,,,,,,,,,,,,,,,46.8,,,,34.1,,,28.4,,,22.5,,,,16,,,14.3,,,,
Sri Lanka,LKA,Prevalence of overweight (% of adults),SH.STA.OWAD.ZS,,,,,,,,,,,,,,,,7.3,7.5,7.7,7.9,8.1,8.3,8.5,8.7,8.9,9.2,9.4,9.7,10,10.3,10.6,10.9,11.2,11.5,11.8,12.2,12.5,12.9,13.3,13.7,14.1,14.5,14.9,15.4,15.9,16.3,16.8,17.4,17.9,18.4,19,19.6,20.1,20.7,21.3,22,22.6,23.3,,,,,,,
Sri Lanka,LKA,Prevalence of undernourishment (% of population),SN.ITK.DEFC.ZS,,,,,,,,,,,,,,,,,,,,,,,,,,,,,,,,,,,,,,,,,,16.5,15.8,15.5,14.9,13.9,13.2,11.8,10.8,11.5,13,14,13,11.7,10.2,9.1,8.1,7.6,7.1,6.4,5.7,5.3,,
Sri Lanka,LKA,Proportion of bodies of water with good ambient water quality,EN.H2O.BDYS.ZS,,,,,,,,,,,,,,,,,,,,,,,,,,,,,,,,,,,,,,,,,,,,,,,,,,,,,,,,,,,,,,,,
Sri Lanka,LKA,Proportion of seats held by women in national parliaments (%),SG.GEN.PARL.ZS,,,,,,,,,,,,,,,,,,,,,,,,,,,,,,,,,,,,,,5.333333333,5.333333333,4.888888889,,,4.444444444,4.444444444,4.888888889,4.888888889,4.888888889,5.777777778,5.777777778,5.777777778,5.333333333,5.777777778,5.777777778,5.777777778,5.777777778,4.888888889,5.777777778,5.777777778,5.777777778,5.333333333,5.381165919,5.381165919,5.333333333,
Sri Lanka,LKA,Ratio of female to male labor force participation rate (%) (modeled ILO estimate),SL.TLF.CACT.FM.ZS,,,,,,,,,,,,,,,,,,,,,,,,,,,,,,,58.16099063,53.2070671,48.33671798,49.65318072,49.62850366,47.8415815,46.92465436,46.64513909,53.88588197,48.60031506,48.21663238,47.9695769,47.72463942,47.4789916,47.2339118,46.98806465,46.74430135,46.50079848,46.25752526,46.01504366,45.77230404,46.22820035,43.94493931,47.23343912,46.33809492,47.92310193,47.67402606,49.05363418,45.90760629,47.16777707,46.95895784,47.3422413,46.80971442,46.90718716
Sri Lanka,LKA,Regulatory Quality: Estimate,RQ.EST,,,,,,,,,,,,,,,,,,,,,,,,,,,,,,,,,,,,,0.064729966,,0.155283034,,0.158748269,,0.124769226,0.034730762,-0.083361119,-0.423394442,-0.272532344,-0.297004074,-0.385201991,-0.294943988,-0.248191312,-0.131351128,-0.125741094,-0.166235015,-0.10895326,-0.0587589,-0.123026699,-0.162157983,-0.217681855,-0.232445598,-0.225914791,-0.38943544,-0.653642833,
Sri Lanka,LKA,Renewable electricity output (% of total electricity output),EG.ELC.RNEW.ZS,,,,,,,,,,,,,,,,,,,,,,,,,,,,,,,99.84126984,92.27124667,81.92090395,95.40085449,93.2072031,92.71137026,71.78807947,66.99708455,68.88967095,67.48059508,45.80239863,46.01091284,38.18258784,42.89787455,36.13843352,37.22651223,49,40.06665993,41.53923038,39.29501302,53.11545227,40.8474867,29.24124023,59.8769026,39.20231121,48.47519345,,,,,,,,
Sri Lanka,LKA,Renewable energy consumption (% of total final energy consumption),EG.FEC.RNEW.ZS,,,,,,,,,,,,,,,,,,,,,,,,,,,,,,,78.09,77.96,75.28,74.19,70.58,69.94,64.42,65.91,64.15,63.25,64.16,62.93,62.1,61.31,61.61,60.08,62.18,60.2,61.58,63.51,61.85,56.42,52.86,56.88,54.23,51.27,45.13,45.78,47.86,46.13,49.32,,,
Sri Lanka,LKA,Research and development expenditure (% of GDP),GB.XPD.RSDV.GD.ZS,,,,,,,,,,,,,,,,,,,,,,,,,,,,,,,,,,,,,0.183559999,,,,0.143920004,,,,0.182099998,,0.174199998,,0.114440002,,0.132410005,,,0.0973,0.096050002,0.102909997,0.120339997,0.118179999,0.119489998,,0.115970001,,,
Sri Lanka,LKA,Rule of Law: Estimate,RL.EST,,,,,,,,,,,,,,,,,,,,,,,,,,,,,,,,,,,,,0.161260232,,0.064277157,,0.159529582,,0.338851631,0.244941875,0.21113658,0.158469424,0.177752674,0.131876916,-0.000771665,-0.101635471,-0.118414134,-0.117064774,-0.114084356,-0.265588671,-0.149271369,0.031726025,0.107241459,0.026702216,-0.00040862,0.039557587,-0.007581946,0.017869212,-0.056925315,
Sri Lanka,LKA,"School enrollment, primary (% gross)",SE.PRM.ENRR,,,,,,,,,,,102.6506729,103.9308777,93.94933319,91.39897156,86.02371216,83.14100647,82.76790619,87.70649719,110.989212,114.6280365,119.281517,122.5013199,122.83004,122.4218521,122.9664993,123.7367096,123.6384201,106.7447433,107.0434494,107.9124908,108.7706223,110.8472977,110.4095993,111.0216827,110.4600677,112.4434509,106.88311,,105.2663803,,,104.3644638,102.9921112,100.4747314,96.01554108,98.10224152,97.6338501,96.77477264,95.73592377,93.38205719,97.78184509,97.40403748,97.17951965,97.27497864,97.43370056,97.52911377,97.93824768,97.64884186,97.27960205,97.27720642,97.47866058,96.87175751,,
Sri Lanka,LKA,"School enrollment, primary and secondary (gross), gender parity index (GPI)",SE.ENR.PRSC.FM.ZS,,,,,,,,,,,,,,,,,0.979610026,,,,,1.009520054,1.016700029,1.015310049,1.01797998,1.017779946,1.021980047,1.021880031,1.02125001,1.021070004,1.021209955,1.026610017,1.026720047,1.029309988,1.036720037,1.028650045,,,,,,,,,,,,,,,0.997380018,0.995890021,1.018329978,1.017470002,,,1.011459947,1.024719954,1.024160028,,,,,
Sri Lanka,LKA,Scientific and technical journal articles,IP.JRN.ARTC.SC,,,,,,,,,,,,,,,,,,,,,,,,,,,,,,,,,,,,,167.89,212.17,199.01,208.12,209.36,215.68,245.5,263.19,264.94,335.1,387.51,425.62,510.61,480.68,483.08,545.68,606.52,722.62,676.42,740.94,1116.44,1136.75,1344.09,1600.97,1779.47,,,
Sri Lanka,LKA,Standardised Precipitation-Evapotranspiration Index,EN.CLC.SPEI.XD,0.488063226,2.182796007,0.326732489,2.619100977,-1.559403073,1.176477931,-0.001144509,1.369097433,-1.686090714,1.162499662,0.33244915,-0.098921295,0.574022006,0.378145995,-1.810238977,0.523127067,-1.541389244,1.228919589,-0.176417176,0.26170928,-1.846115042,0.171417377,-1.059634503,-1.716607302,1.669570749,0.227684791,-0.418526682,-1.872111412,0.688796935,-1.142357425,0.854053847,-0.881992259,-1.471579113,0.746118045,-0.01705532,-0.513994124,-0.051700996,0.840204815,-0.895371473,0.070744412,0.121406727,-1.239749785,-0.249535613,-0.562004116,0.845627821,-0.219753067,1.549134495,-0.685444935,1.153134122,-0.926371443,0.524111099,-0.835214098,-0.197111264,-0.981518138,0.510976154,2.044603786,-1.598018362,-0.362928222,0.229931952,0.5399457,-0.735113259,1.261632326,,
Sri Lanka,LKA,Strength of legal rights index (0=weak to 12=strong),IC.LGL.CRED.XQ,,,,,,,,,,,,,,,,,,,,,,,,,,,,,,,,,,,,,,,,,,,,,,,,,,,,,,2,2,2,2,2,2,2,,,,
Sri Lanka,LKA,Terrestrial and marine protected areas (% of total territorial area),ER.PTD.TOTL.ZS,,,,,,,,,,,,,,,,,,,,,,,,,,,,,,,,,,,,,,,,,,,,,,,,,,,,,,,,,3.378798485,3.378642523,3.378642523,3.378642244,3.378642244,3.378642243,3.378642243,
Sri Lanka,LKA,Tree Cover Loss (hectares),AG.LND.FRLS.HA,,,,,,,,,,,,,,,,,,,,,,,,,,,,,,,,,,,,,,,,,,,3428,3149,5599,4682,7730,10242,6500,13975,7231,14737,14428,7953,12350,7403,17490,13066,13161,10307,11216,13296,,
Sri Lanka,LKA,"Unemployment, total (% of total labor force) (modeled ILO estimate)",SL.UEM.TOTL.ZS,,,,,,,,,,,,,,,,,,,,,,,,,,,,,,,,14.66,14.22,13.82,13.03,12.27,11.35,10.6,9.17,8.88,7.74,7.9,8.76,8.22,8.38,7.67,6.5,5.97,5.22,5.85,4.78,4.12,3.88,4.24,4.19,4.52,4.24,4.05,4.32,4.67,5.2,5.239,6.705,7.16
Sri Lanka,LKA,Unmet need for contraception (% of married women ages 15-49),SP.UWT.TFRT,,,,,,,,,,,,,,,,,,,,,,,,,,,,12.3,,,,,,,,,,,,,18.2,,,,,,,7.3,,,,,,,,,7.5,,,,,,,
Sri Lanka,LKA,Voice and Accountability: Estimate,VA.EST,,,,,,,,,,,,,,,,,,,,,,,,,,,,,,,,,,,,,-0.269144207,,-0.150950506,,-0.190723956,,-0.088549092,-0.092452683,-0.164139301,-0.206795961,-0.310158849,-0.435254872,-0.464874476,-0.480314404,-0.505228579,-0.545052946,-0.575279295,-0.594175637,-0.667191744,-0.29613018,-0.081050552,-0.061878327,-0.008067985,-0.089097887,-0.052087277,-0.074099243,-0.191544354,
Bangladesh,BGD,Access to clean fuels and technologies for cooking (% of population),EG.CFT.ACCS.ZS,,,,,,,,,,,,,,,,,,,,,,,,,,,,,,,,,,,,,,,,,7.8,8,8.3,8.5,8.9,9.3,9.9,10.4,11.1,11.8,12.7,13.6,14.7,15.8,17,18.1,19.3,20.6,22,23.5,25,26.5,,
Bangladesh,BGD,Access to electricity (% of population),EG.ELC.ACCS.ZS,,,,,,,,,,,,,,,,,,,,,,,,,,,,,,,,14.29,9.90541935,12.71788025,17.8,18.33804512,21.14438629,22.4,26.74619293,29.54021454,32,35.03246689,37.7541275,40.47424698,40.6,44.23,50.52510246,46.5,54.26874542,57.07751465,55.26,59.6,65.54574585,61.5,62.4,74.00247192,75.92,88,86.9152832,92.2,96.2,98.99102783,,
Bangladesh,BGD,Adjusted savings: natural resources depletion (% of GNI),NY.ADJ.DRES.GN.ZS,,,,,,,,,,,,,,0.494222799,0.378011115,0.556095947,0.675238457,2.448037456,1.762573844,0.642436096,0.680348746,0.52579115,0.855190542,0.605602779,0.497304699,0.306326215,0.550563252,0.464841903,0.461315382,0.427691755,0.473938238,0.46589108,0.516139088,0.441659835,0.43234273,0.496535705,0.428134126,0.365634969,0.378209195,0.437725476,0.588788273,0.612299974,0.73715047,0.70093506,0.762644905,0.871723232,1.077387537,0.92073067,0.881301429,0.843648626,1.049267655,1.169091948,1.191139484,0.906559975,0.847423438,0.761525249,0.625475019,0.62447832,0.575874618,0.573818678,0.504155309,0.536223482,,
Bangladesh,BGD,Adjusted savings: net forest depletion (% of GNI),NY.ADJ.DFOR.GN.ZS,,,,,,,,,,,,,,0.490252063,0.371263318,0.552191759,0.66345781,2.431330958,1.75248996,0.629615794,0.662975093,0.519869394,0.852081425,0.584294674,0.478112047,0.286299926,0.514096227,0.420278478,0.421991159,0.385929159,0.41394344,0.423377772,0.417003636,0.326188659,0.286284819,0.321521295,0.261674673,0.21644452,0.207065431,0.209212906,0.194678443,0.191367933,0.180091077,0.186247914,0.172703674,0.158799765,0.209621449,0.310121303,0.243505819,0.210047378,0.341808536,0.324659287,0.26631545,0.192264735,0.180660592,0.196703062,0.172691441,0.132523511,0.067921183,0.068674636,0.076942585,0.071425035,,
Bangladesh,BGD,Agricultural land (% of land area),AG.LND.AGRI.ZS,,72.82784052,72.80479373,72.82784052,73.13513098,74.0339556,74.133825,74.47952677,74.27978797,74.32588154,74.4948913,74.47952677,76.75347622,76.7381117,76.7381117,76.85334562,76.80725206,76.75347622,76.72274718,76.69201813,76.72274718,76.67665361,76.65360682,76.54605516,77.28355228,77.03003764,77.13758931,77.70607667,80.10294231,80.22585849,79.78796958,79.28094031,73.35791657,72.56664362,71.89060459,72.01352078,71.65245448,71.94438043,72.47445648,72.87393409,72.21325958,72.23630637,71.85219329,71.66013674,71.62172544,71.5295383,71.29138818,71.18383652,71.08396712,71.03019129,70.99177998,70.12368441,70.0852731,71.27602366,71.59867865,72.47630022,73.11369747,73.45263886,73.95943766,75.83928709,76.26949374,77.34501037,,
Bangladesh,BGD,"Agriculture, forestry, and fishing, value added (% of GDP)",NV.AGR.TOTL.ZS,57.47431238,57.98823595,57.01857402,57.14666817,53.35683665,52.81869477,53.94737058,55.85247837,53.55573997,55.41281892,54.56149999,51.03131121,59.609906,56.638853,56.63655312,61.95413913,51.91445693,48.89805693,54.2503083,52.45201206,32.82389185,31.95151692,31.44169633,31.04603046,34.69863208,33.00673157,32.36915289,32.66390093,31.3191778,30.56164284,30.4898331,31.67702324,30.51752524,27.32108582,26.72553755,27.3043698,23.26620805,23.24614375,22.58741576,22.65841112,22.71814808,21.84834058,20.58413442,19.8127183,19.26695957,18.57103955,18.03401651,17.80653678,17.59569554,17.10462905,17.00118126,16.80998676,16.17756317,15.493278,15.3516209,14.78299644,13.46479232,12.95727549,12.4800786,11.97532192,11.99968686,11.63285843,11.21760104,
Bangladesh,BGD,"Annual freshwater withdrawals, total (% of internal resources)",ER.H2O.FWTL.ZS,,,,,,,,,,,,,,,,,,,,,,,,,,,,,,,,,,,,,,,,,,,,,,,,,34.16190476,34.16190476,34.16190476,34.16190476,34.16190476,34.16190476,34.16190476,34.16190476,34.16190476,34.16190476,34.16190476,34.16190476,34.16190476,,,
Bangladesh,BGD,"Annualized average growth rate in per capita real survey mean consumption or income, total population (%)",SI.SPR.PCAP.ZG,,,,,,,,,,,,,,,,,,,,,,,,,,,,,,,,,,,,,,,,,,,,,,,,,,,,,,,,,1.54,,,,,,,
Bangladesh,BGD,"Cause of death, by communicable diseases and maternal, prenatal and nutrition conditions (% of total)",SH.DTH.COMM.ZS,,,,,,,,,,,,,,,,,,,,,,,,,,,,,,,,,,,,,,,,,50.24665306,,,,,,,,,,32.97839723,,,,,28.80766308,,,,22.61283722,,,,
Bangladesh,BGD,"Children in employment, total (% of children ages 7-14)",SL.TLF.0714.ZS,,,,,,,,,,,,,,,,,,,,,,,,,,,,,,,,,,,,,,,,,,,,17.53850332,,,16.2,,,,,,,5.002084,,,,,,,,,,
Bangladesh,BGD,CO2 emissions (metric tons per capita),EN.ATM.CO2E.PC,,,,,,,,,,,,,,,,,,,,,,,,,,,,,,,0.107550001,0.099143894,0.106257362,0.110814122,0.117142782,0.140538338,0.140354851,0.1554492,0.154800379,0.158617237,0.160122047,0.194686761,0.203401188,0.209737198,0.219955044,0.232135397,0.251721898,0.263586595,0.285933318,0.305030148,0.340233253,0.361557397,0.387829235,0.408788179,0.425189457,0.463517075,0.507739271,0.541787826,0.586157625,0.559733656,0.510647559,,,
Bangladesh,BGD,Coastal protection,EN.CLC.CSTP.ZS,,,,,,,,,,,,,,,,,,,,,,,,,,,,,,,,,,,,,,,,,,,,,,,,,,,,,100,100,100,100,100,100,100,100,100,,,
Bangladesh,BGD,Control of Corruption: Estimate,CC.EST,,,,,,,,,,,,,,,,,,,,,,,,,,,,,,,,,,,,,-0.969682217,,-0.773010969,,-1.212082624,,-1.449086785,-1.54172051,-1.597114921,-1.406466603,-1.442982793,-1.063239932,-1.046788335,-1.075251222,-1.054080248,-1.097388625,-0.85661906,-0.893825352,-0.892129958,-0.84402591,-0.886878014,-0.858938634,-0.926946819,-1.016993523,-1.003677249,-0.985860944,-1.07552731,
Bangladesh,BGD,Cooling Degree Days,EN.CLC.CDDY.XD,,,,,,,,,,,4416.17,3994.31,4557.09,4464.71,4256.45,4339.78,4442.66,4269.88,4291.33,4827.99,4483.53,4242.06,4388.23,4337.3,4321.57,4483.24,4446.18,4638.75,4583.85,4453.33,4351.07,4427.21,4467.36,4305.5,4521.64,4654.06,4597.97,4291.45,4644.62,4712.82,4386.88,4557.73,4503.77,4578.17,4625.25,4775.68,4893.18,4601.18,4693.05,4994.44,5075.27,4643.4,4693.24,4678.49,4748.51,4724.58,4999.22,4748.67,4681.8,4918.95,4713.82,,,
Bangladesh,BGD,Economic and Social Rights Performance Score,SD.ESR.PERF.XQ,,,,,,,,,,,,,,,,,,,,,,,,,,,,,,,,,,,,,,,,,,,,,,,,2.088649955,2.091734428,2.09171186,2.100010614,2.112422387,2.113881798,2.143540865,2.144947808,2.177688691,2.196377027,2.188185507,2.197149976,,,,,
Bangladesh,BGD,Electricity production from coal sources (% of total),EG.ELC.COAL.ZS,,,,,,,,,,,,0,0,0,0,0,0,0,0,0,0,0,0,0,0,0,0,0,0,0,0,0,0,0,0,0,0,0,0,0,0,0,0,0,0,0.616326994,0.934611087,2.389937107,3.214682331,2.937299944,1.89262074,1.87303241,1.927432972,2.306099398,1.969737667,1.689515514,,,,,,,,
Bangladesh,BGD,"Energy imports, net (% of energy use)",EG.IMP.CONS.ZS,,,,,,,,,,,,14.72921988,14.26764802,15.90479941,16.55461824,18.90995791,19.17095853,17.77304222,18.49855792,18.69670663,19.72450395,19.7789247,19.06439153,16.11291431,15.26464532,15.40536564,15.98367514,16.2803615,14.76075318,15.46255768,15.52917165,13.6058125,14.24014664,14.55445518,14.77714667,19.65540442,18.95421723,21.59469902,21.33620505,18.18558554,17.0074181,18.82014454,18.05880742,18.47023522,16.02871434,15.0473542,13.7245534,13.63414016,12.82179658,12.3584576,14.52870358,16.93574126,17.79158665,14.97832377,16.84170264,,,,,,,,,
Bangladesh,BGD,Energy intensity level of primary energy (MJ/$2017 PPP GDP),EG.EGY.PRIM.PP.KD,,,,,,,,,,,,,,,,,,,,,,,,,,,,,,,,,,,,,,,,,2.61,2.76,2.69,2.7,2.62,2.58,2.58,2.51,2.48,2.48,2.47,2.4,2.36,2.37,2.31,2.32,2.34,2.27,2.16,2.07,2.01,,,
Bangladesh,BGD,Energy use (kg of oil equivalent per capita),EG.USE.PCAP.KG.OE,,,,,,,,,,,,83.15565456,84.68787378,89.29594844,89.95124418,90.05370725,93.67891471,93.74117424,94.69385077,96.1548137,100.1119329,99.52166817,102.2822047,101.8740876,100.6059824,103.6998274,108.4204915,104.3772941,112.2514071,115.3584534,118.8809449,114.932509,119.1000328,123.3688445,126.4047898,134.9834063,133.4230304,136.9105455,140.0729314,139.2390399,141.3536088,151.7153229,152.4800174,157.8900865,158.1630412,161.7588677,171.2278354,177.0200969,184.1564385,192.0439481,205.6245892,210.7342601,218.4035193,220.2323144,227.1281031,,,,,,,,,
Bangladesh,BGD,"Fertility rate, total (births per woman)",SP.DYN.TFRT.IN,6.784,6.831,6.865,6.841,6.837,6.83,6.824,6.854,6.85,6.863,6.882,6.865,6.845,6.819,6.794,6.737,6.674,6.593,6.516,6.424,6.323,6.239,6.116,5.891,5.727,5.541,5.3,5.073,4.844,4.676,4.479,4.24,4.026,3.852,3.774,3.605,3.504,3.491,3.393,3.304,3.218,3.146,3.084,3.002,2.914,2.808,2.712,2.626,2.535,2.44,2.34,2.262,2.209,2.184,2.152,2.114,2.097,2.043,2.04,2.031,2.003,,,
Bangladesh,BGD,Food production index (2014-2016 = 100),AG.PRD.FOOD.XD,,25.4,24.31,27.54,27.73,27.92,26.82,30.32,31.06,32.34,30.86,28.75,28.3,31.2,30.32,33.39,32.02,34.1,35.3,35.08,35.63,35.39,36.68,37.58,37.91,39.29,39.67,39.74,40.38,44.19,44.64,45.96,46.57,46.53,44.9,46.89,49.45,50.08,51.98,58.82,62.64,61.36,63.17,64.86,63.83,71.77,74.12,78.4,84.55,85.07,90.16,93.31,94.1,96.33,98.72,100.48,100.8,107.85,107.75,108.34,111.48,116.39,,
Bangladesh,BGD,Forest area (% of land area),AG.LND.FRST.ZS,,,,,,,,,,,,,,,,,,,,,,,,,,,,,,,14.75247753,14.75247599,14.75247446,14.75247292,14.75247138,14.75246985,14.75246908,14.75246754,14.75246601,14.75246447,14.75246293,14.72789045,14.70331797,14.67874549,14.654173,14.62960052,14.60502804,14.58045556,14.55588308,14.53130983,14.50673734,14.4991442,14.49155105,14.4839579,14.47636475,14.46877161,14.46877161,14.46877161,14.46877161,14.46877161,14.46877161,14.46877161,,
Bangladesh,BGD,Fossil fuel energy consumption (% of total),EG.USE.COMM.FO.ZS,,,,,,,,,,,,21.37970843,20.70642323,24.21142072,25.44941545,24.68487268,27.4255112,27.29295886,28.23405541,29.42090283,32.14606925,32.71261599,34.96024073,33.38567736,34.91556523,37.32672746,39.08684745,43.8731951,44.18503533,45.0727052,45.52428698,44.67103918,46.72802762,49.45684214,50.25109694,54.40918593,56.07741741,56.57335085,57.62886784,57.27512604,57.94291987,60.7230371,61.04664093,62.3942704,62.48464734,63.34035291,65.33087795,66.41712545,67.58003802,69.00602698,70.96940448,71.64883909,72.68378039,72.86167193,73.76893795,,,,,,,,,
Bangladesh,BGD,GDP growth (annual %),NY.GDP.MKTP.KD.ZG,,6.058160825,5.45303097,-0.45589429,10.95278855,1.606258229,2.566812001,-1.87586392,9.489454015,1.220857909,5.619852293,-5.479483027,-13.9737287,3.325680199,9.5919563,-4.088214092,5.661361201,2.67305605,7.073837733,4.801634601,0.819141869,7.233943695,2.134327836,3.8810464,4.803310015,3.342014654,4.173382559,3.772401853,2.416256856,2.836582129,5.622258162,3.485227816,5.44268555,4.711561725,3.890126441,5.121277897,4.522919217,4.489896498,5.177026873,4.670156369,5.293294719,5.077287775,3.83312394,4.7395674,5.23953291,6.535944939,6.671904986,7.058599354,6.013789757,5.045124799,5.571788185,6.464379125,6.521458779,6.013605658,6.061059359,6.552639878,7.113478213,6.590254815,7.31940778,7.881906729,3.448025628,6.938679124,7.099828776,
Bangladesh,BGD,GHG net emissions/removals by LUCF (Mt of CO2 equivalent),EN.CLC.GHGR.MT.CE,,,,,,,,,,,,,,,,,,,,,,,,,,,,,,,,,,,7.838,,,,,,,,,,,,,,,,,,,,,,,,,,,,,
Bangladesh,BGD,Gini index,SI.POV.GINI,,,,,,,,,,,,,,,,,,,,,,,,25.9,,26.9,,,28.8,,,27.6,,,,32.9,,,,,33.4,,,,,33.2,,,,,32.1,,,,,,32.4,,,,,,31.8,
Bangladesh,BGD,Government Effectiveness: Estimate,GE.EST,,,,,,,,,,,,,,,,,,,,,,,,,,,,,,,,,,,,,-0.687850118,,-0.490328997,,-0.607652247,,-0.726736128,-0.838938594,-0.932882547,-0.918954313,-0.838699102,-0.707532763,-0.738396406,-0.802756429,-0.753689587,-0.772120714,-0.807726145,-0.79695034,-0.774807811,-0.752515137,-0.706855893,-0.75189054,-0.762530446,-0.753748298,-0.77972573,-0.655627787,-0.762551904,
Bangladesh,BGD,"Government expenditure on education, total (% of government expenditure)",SE.XPD.TOTL.GB.ZS,,,,,,,,,,,,,,,,,,,,,5.263599873,6.634029865,6.394110203,6.473259926,8.087619781,8.388629913,9.130049706,10.46842957,,,11.19102955,11.06210041,12.53666973,12.11384964,,,,15.19686985,,18.12978935,20.49041939,18.58477974,15.69379997,16.68162918,15.95312023,,17.33653069,18.15340042,17.81619072,14.02987003,,16.79397011,12.27794361,11.81209469,13.30632782,12.04410267,13.98173618,13.85498238,11.95792007,11.32936764,10.38743782,10.22130299,11.73428822,
Bangladesh,BGD,Heat Index 35,EN.CLC.HEAT.XD,,,,,,,,,,,40.26,11.45,50.67,33.64,35.34,29.02,19.98,28.32,30.66,64.14,41.01,25.43,43,48.26,28.37,29.77,38.42,53.87,42.74,49.61,38.06,42.81,45.16,38.67,45.4,61.52,54.69,44.97,77.26,46.11,45.64,50.76,45.14,61.77,56.73,71.21,66.7,68.85,58.42,83.51,102.36,64.62,91.67,76.77,91.52,80.33,101.38,98.65,87.56,107.43,102.77,,,
Bangladesh,BGD,Heating Degree Days,EN.CLC.HDDY.XD,,,,,,,,,,,91.57,66.94,76.72,68.07,133.52,100.43,77.63,99.46,138.79,53.54,78.46,91.19,60.73,131.84,107.16,44.73,53.61,39.11,25.31,146.46,63.07,111.82,109.65,97.9,61.3,87.92,61.46,127.02,107.75,38.95,69.96,99.4,49.3,136.31,96.64,44.42,46.38,93.4,66.89,39.69,88.35,155.32,143.64,145.32,115.37,99.13,67.5,43.23,133.19,84.76,115.55,,,
Bangladesh,BGD,"Hospital beds (per 1,000 people)",SH.MED.BEDS.ZS,,,,,,,,,,,0.155100003,,,,,,,,,,0.215800002,0.225199997,,,,0.287800014,,,,,0.304199994,0.308099985,,,0.304899991,,,,,0.300000012,,0.3,0.34,,,0.3,,,,,,0.6,,,0.6,0.77,0.79,,,,,,,
Bangladesh,BGD,Income share held by lowest 20%,SI.DST.FRST.20,,,,,,,,,,,,,,,,,,,,,,,,9.7,,10,,,9.4,,,9.6,,,,8.8,,,,,8.6,,,,,8.8,,,,,8.9,,,,,,8.6,,,,,,8.6,
Bangladesh,BGD,Individuals using the Internet (% of population),IT.NET.USER.ZS,,,,,,,,,,,,,,,,,,,,,,,,,,,,,,,0,0,0,0,0,0,,0.000751046,0.003684813,0.036170407,0.071039423,0.129807974,0.139920289,0.163877665,0.199036334,0.241637326,1,1.8,2.5,3.1,3.7,4.5,5,6.63,11.9,12.9,18.1,19.8,23.44,27.76,32.87,38.91744466,,
Bangladesh,BGD,"Labor force participation rate, total (% of total population ages 15-64) (modeled ILO estimate)",SL.TLF.ACTI.ZS,,,,,,,,,,,,,,,,,,,,,,,,,,,,,,,59.174,59.192,59.237,59.299,59.372,59.452,59.41,59.379,59.363,59.36,59.362,59.337,59.336,59.353,59.375,59.397,59.353,59.192,59.032,58.87,58.707,58.545,58.382,58.213,58.043,57.882,57.731,60.402,60.645,60.868,60.351,60.657,,
Bangladesh,BGD,Land Surface Temperature,EN.LND.LTMP.DC,,,,,,,,,,,,,,,,,,,,,,,,,,,,,,,,,,,,,,,,,27.7808429,27.6563107,27.0937614,26.718918,27.0938319,27.1555777,27.8440888,27.2813552,27.093594,27.656309,27.0943933,27.2810191,26.9063556,27.4058964,27.7185914,27.2808796,27.4686204,27.1562907,26.718478,27.2810004,27.1556235,27.5937679,,
Bangladesh,BGD,Level of water stress: freshwater withdrawal as a proportion of available freshwater resources,ER.H2O.FWST.ZS,,,,,,,,,,,,,,,,,,,,,,,,,,,,,,,,,,,,,,,,,,,,,,,,,5.723339482,5.723339482,5.723339482,5.723339482,5.723339482,5.723339482,5.723339482,5.723339482,5.723339482,5.723339482,5.723339482,5.723339482,5.723339482,,,
Bangladesh,BGD,"Life expectancy at birth, total (years)",SP.DYN.LE00.IN,44.74,45.662,46.701,46.655,47.741,46.858,48.577,48.865,49.09,49.172,42.587,25.996,49.591,49.828,49.16,50.292,50.647,51.197,51.254,51.464,51.85,52.169,52.54,53.011,53.54,53.897,54.415,54.926,55.027,55.089,55.989,54.154,57.635,57.927,58.617,59.467,59.492,61.427,63.917,66.228,65.779,66.135,66.612,66.824,67.187,67.299,67.241,66.714,67.051,67.403,68.638,68.809,69.554,69.565,69.986,70.491,71.09,71.788,72.567,72.806,71.968,,,
Bangladesh,BGD,"Literacy rate, adult total (% of people ages 15 and above)",SE.ADT.LITR.ZS,,,,,,,,,,,,,,,,,,,,,,29.22723007,,,,,,,,,,35.31930161,,,,,,,,,,47.48550034,,,,,,46.66360092,,,,58.7691803,57.86074829,61.01554108,61.09329987,65.1373291,72.7587204,72.89296722,73.91220093,74.6844635,74.9088974,,,
Bangladesh,BGD,"Mammal species, threatened",EN.MAM.THRD.NO,,,,,,,,,,,,,,,,,,,,,,,,,,,,,,,,,,,,,,,,,,,,,,,,,,,,,,,,,,,37,,,,,
Bangladesh,BGD,Methane emissions (metric tons of CO2 equivalent per capita),EN.ATM.METH.PC,,,,,,,,,,,,,,,,,,,,,,,,,,,,,,,0.612246446,0.60132446,0.597061317,0.587743193,0.584561547,0.580444793,0.567310038,0.561871978,0.548655016,0.554182108,0.549229925,0.540523835,0.541026123,0.539070178,0.529223543,0.534145494,0.536404794,0.536644663,0.550673636,0.553887714,0.557482315,0.555183672,0.552067908,0.549986815,0.547343428,0.545807205,0.537740105,0.54406929,0.536882813,0.534023414,0.531020739,,,
Bangladesh,BGD,"Mortality rate, under-5 (per 1,000 live births)",SH.DYN.MORT,262,256,250.2,245.1,240.5,236.6,233.5,231.2,229.6,228.6,273.1,373.2,227.5,226.9,225.6,223.8,221.3,218.1,214.3,210,205.3,200.3,195,189.4,183.6,177.5,171.3,164.9,158.5,152.2,146,139.7,133.4,127.1,120.9,114.7,108.6,102.7,96.9,91.3,86.1,81.1,76.6,72.3,68.3,64.5,61,57.7,54.7,51.8,49.2,46.7,44.4,42.1,40,38,36,34.1,32.2,30.4,28.8,27.3,,
Bangladesh,BGD,Net migration,SM.POP.NETM,13584,26505,26541,23215,25430,47618,3756,23163,-15936,-132422,-193149,-289989,-331901,-320793,-349410,-499347,-635891,-472837,-503563,-495624,-369408,-194707,-129194,-52640,-137861,-204954,-344929,-369057,-319331,-285369,-200144,-386852,-265940,-271146,-214321,-374788,-389040,-390261,-407859,-435710,-424718,-347605,-451611,-533925,-535175,-715970,-1146688,-923456,-1390782,-740788,-462265,-341152,-242022,-194048,-219628,-286512,-55013,-175755,-323380,-344054,-61154,,,
Bangladesh,BGD,Nitrous oxide emissions (metric tons of CO2 equivalent per capita),EN.ATM.NOXE.PC,,,,,,,,,,,,,,,,,,,,,,,,,,,,,,,0.137031739,0.141662406,0.14191441,0.142620757,0.145576284,0.153734199,0.155458029,0.148878536,0.146485116,0.15360652,0.152074872,0.152848567,0.154438672,0.148418167,0.147053252,0.150361899,0.155792176,0.154765099,0.167749718,0.162901815,0.164761799,0.169820116,0.163797678,0.162828093,0.16670935,0.16901234,0.161098936,0.164581421,0.167597461,0.165981297,0.167702108,,,
Bangladesh,BGD,"Patent applications, residents",IP.PAT.RESD,,,,,,,,,,,,,,,,,,,,,34,39,40,40,62,40,16,23,24,32,32,36,72,36,39,70,22,46,32,49,70,59,43,58,48,50,22,29,60,55,66,37,67,60,44,41,77,61,69,68,40,74,,
Bangladesh,BGD,People using safely managed drinking water services (% of population),SH.H2O.SMDW.ZS,,,,,,,,,,,,,,,,,,,,,,,,,,,,,,,,,,,,,,,,,55.31870083,55.32511609,55.30371515,55.27874715,55.25035294,55.21885007,55.18367364,55.14496823,55.10287513,55.05754576,55.00858639,54.95632277,55.30369245,55.66687813,56.04547782,56.44019783,56.85079903,57.27760142,57.72074495,58.18021327,58.65599777,59.1298464,59.10929532,
Bangladesh,BGD,People using safely managed sanitation services (% of population),SH.STA.SMSS.ZS,,,,,,,,,,,,,,,,,,,,,,,,,,,,,,,,,,,,,,,,,11.0465157,11.7415265,12.45785625,13.17340431,13.88794175,14.60459034,15.32344548,16.0442555,16.76500767,17.48508201,18.2042186,18.92166074,19.63638733,20.34758401,21.50997925,22.70013176,23.91708286,25.15955384,26.42637731,27.71641782,29.02851262,30.15469977,30.97619383,
Bangladesh,BGD,"PM2.5 air pollution, mean annual exposure (micrograms per cubic meter)",EN.ATM.PM25.MC.M3,,,,,,,,,,,,,,,,,,,,,,,,,,,,,,,52.90993831,,,,,51.64362616,,,,,53.74695817,,,,,55.06194439,,,,,56.41649854,60.5358739,68.94271136,66.42738113,73.27082296,68.97033719,67.7673598,62.75318316,63.27546257,63.4255285,,,,
Bangladesh,BGD,Political Stability and Absence of Violence/Terrorism: Estimate,PV.EST,,,,,,,,,,,,,,,,,,,,,,,,,,,,,,,,,,,,,-0.54881525,,-0.370746762,,-0.726261258,,-1.032590389,-1.115581155,-1.360476375,-1.863839388,-1.507097363,-1.543071628,-1.508331299,-1.546771407,-1.425789475,-1.404736876,-1.379088998,-1.627858877,-0.895563185,-1.209773779,-1.259732962,-1.253626704,-0.985568643,-0.928613365,-0.915807784,-1.036632776,-1.092371106,
Bangladesh,BGD,Population ages 65 and above (% of total population),SP.POP.65UP.TO.ZS,3.008837194,2.996930445,2.993483498,2.99913518,3.012897585,3.031277231,3.055383866,3.084601576,3.114990531,3.14516965,3.169233841,3.116379494,3.072138733,3.108511712,3.144309054,3.189076323,3.246369363,3.303838108,3.355248348,3.398764937,3.433538766,3.457801835,3.47222837,3.480332104,3.487157254,3.496129116,3.505500452,3.513193359,3.514489236,3.504710415,3.492739192,3.488107955,3.491599792,3.496549517,3.499670283,3.510111907,3.523240614,3.544863532,3.595519956,3.676452582,3.760924123,3.833554299,3.905539955,3.978593016,4.049042175,4.116786882,4.187113474,4.250552468,4.312835,4.378055116,4.446822447,4.522813743,4.599282417,4.664372196,4.721536734,4.807338607,4.926093348,5.070918792,5.246503448,5.443869725,5.632962584,,,
Bangladesh,BGD,Population density (people per sq. km of land area),EN.POP.DNST,,398.577007,410.7064685,423.2474072,436.1562956,449.4135285,462.9734885,477.1029269,491.6313436,506.0068218,518.8742414,525.2838903,532.7395329,546.5531075,560.4041407,573.8675962,586.77176,600.2749328,614.6389337,629.2398479,644.7704156,661.8639932,680.3052623,699.4351848,718.554498,737.182907,754.9492663,771.9924407,788.8824844,805.8206499,823.136291,839.232035,854.8214028,871.3125682,888.1838442,904.9192441,920.9254667,937.5372667,955.2928555,973.7637244,992.4969425,1011.527111,1030.497242,1048.653346,1066.218983,1082.527387,1095.712,1107.289959,1117.164616,1127.040101,1139.979558,1153.960244,1168.400161,1183.299831,1198.135507,1212.491357,1227.50686,1242.943566,1257.462995,1271.538926,1286.171553,1301.039034,,
Bangladesh,BGD,Poverty headcount ratio at national poverty lines (% of population),SI.POV.NAHC,,,,,,,,,,,,,,,,,,,,,,,,,,,,,,,,,,,,,,,,,48.9,,,,,40,,,,,31.5,,,,,,24.3,,,,,,18.7,
Bangladesh,BGD,Prevalence of overweight (% of adults),SH.STA.OWAD.ZS,,,,,,,,,,,,,,,,4.6,4.7,4.9,5.1,5.4,5.6,5.8,6.1,6.3,6.6,6.9,7.1,7.4,7.7,8,8.3,8.6,8.9,9.2,9.5,9.8,10.2,10.5,10.9,11.2,11.6,12,12.4,12.9,13.3,13.8,14.3,14.8,15.3,15.8,16.4,17,17.6,18.2,18.8,19.4,20,,,,,,,
Bangladesh,BGD,Prevalence of undernourishment (% of population),SN.ITK.DEFC.ZS,,,,,,,,,,,,,,,,,,,,,,,,,,,,,,,,,,,,,,,,,,15.6,14.8,14.4,13.9,13.7,13.2,13.2,12.9,14.4,15.2,16.1,15.8,15.6,14.8,14.8,14.3,13.6,12.7,11.8,11.7,11.2,,
Bangladesh,BGD,Proportion of bodies of water with good ambient water quality,EN.H2O.BDYS.ZS,,,,,,,,,,,,,,,,,,,,,,,,,,,,,,,,,,,,,,,,,,,,,,,,,,,,,,,,,,,,,,,,
Bangladesh,BGD,Proportion of seats held by women in national parliaments (%),SG.GEN.PARL.ZS,,,,,,,,,,,,,,,,,,,,,,,,,,,,,,,,,,,,,,9.090909091,9.090909091,9.090909091,9.090909091,,2,2,2,14.7826087,15.07246377,,6.333333333,18.55072464,18.55072464,19.71428571,19.71428571,19.71428571,19.82758621,20,20,20.28571429,20.28571429,20.63037249,20.91690544,20.85714286,20.85714286,
Bangladesh,BGD,Ratio of female to male labor force participation rate (%) (modeled ILO estimate),SL.TLF.CACT.FM.ZS,,,,,,,,,,,,,,,,,,,,,,,,,,,,,,,29.31752679,29.45750411,29.65126771,29.89434712,30.17761508,30.49428798,30.81006886,31.16253669,31.53703091,31.91445539,32.2789022,32.54193637,32.80100402,33.04904051,33.28488875,33.51492348,33.63546093,34.33842077,35.06336965,35.81202928,36.58475724,37.3822479,38.20620103,39.05912502,39.94087214,40.85498576,41.80088951,45.05995797,45.32473628,45.5166967,45.51716407,46.28973502,46.76450885,46.80724238
Bangladesh,BGD,Regulatory Quality: Estimate,RQ.EST,,,,,,,,,,,,,,,,,,,,,,,,,,,,,,,,,,,,,-0.929817796,,-1.049343109,,-0.941208124,,-1.055441499,-1.044749141,-1.175912261,-1.081751704,-1.005542517,-0.953167856,-0.91451782,-0.866342843,-0.85759306,-0.81707859,-0.959472537,-0.923936903,-0.955160499,-0.920240402,-0.811327994,-0.826628149,-0.849186778,-0.937222183,-0.906213522,-0.846353292,-0.927658916,
Bangladesh,BGD,Renewable electricity output (% of total electricity output),EG.ELC.RNEW.ZS,,,,,,,,,,,,,,,,,,,,,,,,,,,,,,,11.43300569,10.13301088,8.949853834,6.604388442,8.656991006,3.442531927,6.440648423,6.063417102,6.714795839,5.764705882,4.749223258,5.709521619,4.012858291,3.799715909,3.034477171,2.832079253,2.536317768,2.415739397,2.776316559,1.121661242,1.787202746,1.974950739,1.600016474,1.946536145,1.319724237,1.226889902,,,,,,,,
Bangladesh,BGD,Renewable energy consumption (% of total final energy consumption),EG.FEC.RNEW.ZS,,,,,,,,,,,,,,,,,,,,,,,,,,,,,,,71.67,73.16,71.66,70.56,68.98,63.81,62.13,59.98,60.24,60.54,60.2,55.96,54.47,52.62,52.05,50.66,48.69,47.19,45.2,43.1,40.31,38.44,37.36,36.96,35.34,31.12,30.23,28.01,25.79,26.37,27.96,,,
Bangladesh,BGD,Research and development expenditure (% of GDP),GB.XPD.RSDV.GD.ZS,,,,,,,,,,,,,,,,,,,,,,,,,,,,,,,,,,,,,,,,,,,,,,,,,,,,,,,,,,,,,,,,
Bangladesh,BGD,Rule of Law: Estimate,RL.EST,,,,,,,,,,,,,,,,,,,,,,,,,,,,,,,,,,,,,-0.934023738,,-0.935864508,,-0.991129994,,-0.991601229,-1.151943922,-1.122482061,-0.978551865,-0.907564044,-0.827155948,-0.752373576,-0.784571469,-0.801013291,-0.733335555,-0.936167359,-0.871759772,-0.782509089,-0.770436168,-0.670857012,-0.681922019,-0.649730861,-0.644387662,-0.56792897,-0.625113249,-0.60133934,
Bangladesh,BGD,"School enrollment, primary (% gross)",SE.PRM.ENRR,,,,,,,,,,,53.94593811,50.28892899,63.09469986,74.88262939,72.79637909,76.87738037,78.20088196,72.50292969,70.43634796,68.686409,66.82041931,65.31529999,66.52902222,67.87513733,67.13456726,65.65184021,65.52748871,64.64382935,75.92489624,75.52095795,78.3366394,,,,,,,,,,,,,,,99.95349884,99.97512054,98.18898773,95.1065979,97.62580109,99.73535156,,,,,,,109.1253586,112.4276962,,118.4292374,115.4481812,117.6594543,
Bangladesh,BGD,"School enrollment, primary and secondary (gross), gender parity index (GPI)",SE.ENR.PRSC.FM.ZS,,,,,,,,,,,,,,0.500899971,,,0.498580009,0.526970029,,0.5176,0.530789971,0.56941998,,,0.616020024,0.607200027,0.627960026,0.623650014,0.716489971,0.726050019,0.753639996,,,,,,,,,,,,,,,1.05332005,1.055780053,1.064299941,1.085389972,1.059589982,1.079146981,1.064528942,,,,,,1.10079968,1.103870988,,1.145879984,1.135454297,,
Bangladesh,BGD,Scientific and technical journal articles,IP.JRN.ARTC.SC,,,,,,,,,,,,,,,,,,,,,,,,,,,,,,,,,,,,,368.49,396.28,389.76,407.26,444.19,434.28,420.78,566.83,527.3,587.03,726.06,861.73,1054.16,1163.91,1426.83,1385.91,1913.43,1786.71,2227.1,2150.99,2567.09,3059.56,3039.88,5012.04,4927.32,,,
Bangladesh,BGD,Standardised Precipitation-Evapotranspiration Index,EN.CLC.SPEI.XD,-0.593199708,0.694658443,-1.01597502,-0.557486963,0.433046217,-0.06886158,-0.983570746,-0.834796989,0.581304775,-0.592142047,1.157045334,-0.84305255,-2.105640783,0.562084712,1.197004117,-0.692211115,-0.454731479,-0.077001341,-0.407767311,-0.598723606,-0.723988689,0.746376394,-0.974370015,1.205793532,1.923874917,-0.675514231,-0.031759106,0.859553061,1.274500857,-1.463854934,0.871883498,0.98511228,-1.968324641,1.114252267,-1.890053635,-0.21916025,-0.974537457,-0.742232655,0.598563535,0.58981031,-0.038819601,-0.447797985,-0.212488255,-0.766146057,-0.550333531,-1.328496187,-1.623548138,0.332700442,-0.768963293,-1.532171411,-0.71357452,-1.421523682,-1.395397223,-1.248977471,-1.866888552,0.582069931,-1.017215458,1.361299636,-1.83614165,-1.30354401,0.387748208,-1.007848748,,
Bangladesh,BGD,Strength of legal rights index (0=weak to 12=strong),IC.LGL.CRED.XQ,,,,,,,,,,,,,,,,,,,,,,,,,,,,,,,,,,,,,,,,,,,,,,,,,,,,,,5,5,5,5,5,5,5,,,,
Bangladesh,BGD,Terrestrial and marine protected areas (% of total territorial area),ER.PTD.TOTL.ZS,,,,,,,,,,,,,,,,,,,,,,,,,,,,,,,,,,,,,,,,,,,,,,,,,,,,,,,,,4.88867648,4.888648581,4.888648581,4.88855578,4.88855578,4.88855578,4.88855578,
Bangladesh,BGD,Tree Cover Loss (hectares),AG.LND.FRLS.HA,,,,,,,,,,,,,,,,,,,,,,,,,,,,,,,,,,,,,,,,,,,3995,2159,4283,3293,6863,3995,4480,5625,4668,4181,5359,6022,12061,12604,21196,28377,19343,22079,21475,17587,,
Bangladesh,BGD,"Unemployment, total (% of total labor force) (modeled ILO estimate)",SL.UEM.TOTL.ZS,,,,,,,,,,,,,,,,,,,,,,,,,,,,,,,,2.2,2.295,2.339,2.381,2.464,2.51,2.694,2.895,3.068,3.27,3.618,3.934,4.32,4.272,4.25,3.59,4.092,4.548,5,3.38,3.75,4.099,4.43,4.393,4.371,4.35,4.37,4.38,4.382,5.209,5.097,4.699,4.676
Bangladesh,BGD,Unmet need for contraception (% of married women ages 15-49),SP.UWT.TFRT,,,,,,,,,,,,,,,,,,,,,,,,,,,,,,,,,,,21.6,,,19.7,,,18.2,,,,15,,,16.8,,,,13.5,,13.8952247,12,,,,12,13.68997889,,,,
Bangladesh,BGD,Voice and Accountability: Estimate,VA.EST,,,,,,,,,,,,,,,,,,,,,,,,,,,,,,,,,,,,,-0.058428358,,-0.085569881,,-0.227924496,,-0.432220519,-0.551806808,-0.672145784,-0.569969237,-0.451236516,-0.573499918,-0.442116976,-0.289043039,-0.268090695,-0.31506893,-0.401940674,-0.405386388,-0.473918706,-0.512037396,-0.583839417,-0.615030944,-0.742027104,-0.741844893,-0.769557953,-0.77454257,-0.752661884,
India,IND,Access to clean fuels and technologies for cooking (% of population),EG.CFT.ACCS.ZS,,,,,,,,,,,,,,,,,,,,,,,,,,,,,,,,,,,,,,,,,22.1,23.1,24.55,25.7,27,28.1,29.4,31.1,32.35,34,35.6,38,40,42.8,45.5,48.55,51.9,55.5,59.5,63.3,67.3,71.1,,
India,IND,Access to electricity (% of population),EG.ELC.ACCS.ZS,,,,,,,,,,,,,,,,,,,,,,,,,,,,,,,,,,50.9,49.81130981,51.40877533,53.00352097,54.59486389,56.18213272,60.1,60.29283905,62.00543976,62.3,65.41201019,64.4,68.8404541,67.9,72.3407135,74.11849213,75,76.3,79.51678467,79.9,83.13139343,85.13391113,88,89.58630371,91.79415894,95.7,95.88594055,96.5,99.57252502,,
India,IND,Adjusted savings: natural resources depletion (% of GNI),NY.ADJ.DRES.GN.ZS,,,,,,,,,,,0.5398271,0.519456293,0.503650572,0.641097376,0.88419373,1.687321795,1.410100785,2.545900765,2.267426956,1.858221958,1.445653147,1.922020817,2.160070692,2.030156637,1.966280188,2.102058301,1.407417593,1.385142675,1.2492001,1.726064987,2.017096841,1.732547931,1.545738681,1.44288644,1.180102117,1.365472723,1.330016214,1.222729832,1.017818482,1.169109432,1.506125455,1.246845879,1.333599552,1.251867518,1.48641419,1.82951156,2.077395101,2.385511349,3.285133889,1.587835157,2.241486273,2.552088603,1.943188904,1.812379913,1.408576752,0.89218519,0.849895006,0.867985809,1.022725407,0.853397081,0.90181754,1.620810611,,
India,IND,Adjusted savings: net forest depletion (% of GNI),NY.ADJ.DFOR.GN.ZS,,,,,,,,,,,0.412892977,0.34317677,0.332986901,0.477874242,0.491996934,1.073210036,0.681242876,1.817336696,1.621190427,0.674075291,0.663076618,0.56985755,0.837339019,0.538922661,0.469239658,0.315767129,0.537981343,0.447544247,0.448165585,0.448210193,0.544712344,0.633772394,0.619983102,0.629014498,0.455473016,0.495177822,0.422706188,0.382143609,0.365723081,0.388545336,0.342973266,0.331096696,0.37417915,0.341818488,0.24451664,0.213464418,0.284269162,0.303026557,0.30110295,0.260759906,0.380636441,0.354732294,0.313210382,0.283202329,0.268202532,0.298467427,0.304148826,0.209054527,0.150445691,0.157402582,0.188802021,0.163266862,,
India,IND,Agricultural land (% of land area),AG.LND.AGRI.ZS,,58.84319536,59.35779415,59.24747493,59.43515214,59.59154982,59.71027751,59.80344344,59.99078431,59.79839835,59.88584652,59.80680683,59.85019457,60.12094753,60.29954359,60.43811529,60.42298003,60.40347236,60.74014779,60.73611172,60.63251928,60.67590702,60.80035248,60.69642371,61.0293994,60.99172942,60.94195124,61.06000626,60.90798099,61.04588001,61.01628218,61.07446884,60.97995755,61.00585566,60.97524881,60.85887548,60.73913877,60.87098369,60.83499541,60.88443725,60.86896566,60.70483218,60.72938494,60.62478348,60.66716221,60.58341377,60.50941918,60.4132262,60.45930465,60.56390611,60.39741826,60.43004315,60.42062566,60.43946065,60.44955082,60.43172485,60.39909996,60.2839388,60.24356466,60.21981337,60.04586286,60.04592643,,
India,IND,"Agriculture, forestry, and fishing, value added (% of GDP)",NV.AGR.TOTL.ZS,41.74133512,41.0924822,39.0659688,39.82535168,41.34371671,39.38469726,40.35165124,42.75155802,42.08602738,41.58492358,40.28961346,38.63339119,38.6268263,41.60382462,38.8780587,35.99691484,34.31203671,35.77714426,34.27396271,32.82553002,34.40886781,33.29769742,32.32674969,32.60653488,31.38053041,29.71813836,28.64114627,27.9723784,28.76982237,27.8396058,27.58488814,27.66270541,26.89691945,27.05455877,26.51993758,24.45754779,25.19930606,24.24867451,24.18045155,22.97256189,21.61106205,21.61888489,19.53454327,19.59199798,17.81469065,17.62020696,16.80944209,16.75011976,16.79094236,16.74427016,17.02650901,17.19197356,16.84537706,17.14842354,16.79193451,16.17450811,16.36380056,16.55833141,16.03163069,16.7555683,18.63553127,17.32626325,16.73083551,
India,IND,"Annual freshwater withdrawals, total (% of internal resources)",ER.H2O.FWTL.ZS,,,,,,,,,,,,,,,,26.27939142,27.08644537,27.89349931,28.70055325,29.50760719,30.31466113,31.12171508,31.92876902,32.73582296,33.5428769,34.34993084,34.395574,34.44121715,34.4868603,34.53250346,34.57814661,35.34162863,36.10511065,36.86859267,37.63207469,38.39555671,39.15903873,39.92251037,40.68599585,41.44948479,42.2129668,43.25445989,44.29595297,45.33744606,43.23926003,43.49583333,43.75240664,44.00897994,44.26555325,44.52212656,44.77869986,44.77869986,44.77869986,44.77869986,44.77869986,44.77869986,44.77869986,44.77869986,44.77869986,44.77869986,44.77869986,,,
India,IND,"Annualized average growth rate in per capita real survey mean consumption or income, total population (%)",SI.SPR.PCAP.ZG,,,,,,,,,,,,,,,,,,,,,,,,,,,,,,,,,,,,,,,,,,,,,,,,,,,,,,,,,,,,4.62,,,,
India,IND,"Cause of death, by communicable diseases and maternal, prenatal and nutrition conditions (% of total)",SH.DTH.COMM.ZS,,,,,,,,,,,,,,,,,,,,,,,,,,,,,,,,,,,,,,,,,46.71057595,,,,,,,,,,35.00908936,,,,,28.2602532,,,,24.16618437,,,,
India,IND,"Children in employment, total (% of children ages 7-14)",SL.TLF.0714.ZS,,,,,,,,,,,,,,,,,,,,,,,,,,,,,,,,,,,,,,,,,5.2,,,,,4.2,15.3,,,,2.5,,1.7,,,,,,,,,,,
India,IND,CO2 emissions (metric tons per capita),EN.ATM.CO2E.PC,,,,,,,,,,,,,,,,,,,,,,,,,,,,,,,0.647451316,0.683086373,0.69007405,0.703136167,0.725622135,0.76518964,0.787231756,0.817360076,0.818720963,0.866242339,0.885077949,0.883746998,0.897242649,0.905456602,0.955470157,0.984261473,1.036533922,1.123599482,1.180361247,1.278873603,1.338033835,1.396878498,1.498204123,1.5276744,1.642465277,1.631323487,1.639914019,1.704926721,1.795595299,1.752534366,1.576093232,,,
India,IND,Coastal protection,EN.CLC.CSTP.ZS,,,,,,,,,,,,,,,,,,,,,,,,,,,,,,,,,,,,,,,,,,,,,,,,,,,,,97.41,97.41,97.41,97.41,97.41,97.41,97.41,97.41,97.41,,,
India,IND,Control of Corruption: Estimate,CC.EST,,,,,,,,,,,,,,,,,,,,,,,,,,,,,,,,,,,,,-0.381090343,,-0.258726746,,-0.403301805,,-0.55538249,-0.456320524,-0.448476195,-0.363160849,-0.274562806,-0.397690296,-0.339097977,-0.452406287,-0.463754565,-0.540835857,-0.51396811,-0.517085731,-0.457155108,-0.406170607,-0.336941868,-0.291451544,-0.229412422,-0.302205294,-0.29291603,-0.316493511,-0.321810871,
India,IND,Cooling Degree Days,EN.CLC.CDDY.XD,,,,,,,,,,,4464.25,4194.75,4708.71,4675.44,4615.16,4377.03,4535.35,4576.35,4440.62,4818.87,4758.96,4495.18,4527.83,4420.35,4518.37,4634.42,4599.94,4841.66,4720.11,4511.75,4362.81,4608.11,4540.4,4579.72,4499.4,4682.32,4614.64,4409.07,4749,4645.18,4594.56,4633.24,4863.87,4760.38,4738.89,4711.06,4781.4,4731.25,4634.73,5035.83,5065.02,4661.25,4773.66,4611.32,4800.06,4938.64,5069.89,5010.39,4954.03,4976.37,4761.81,,,
India,IND,Economic and Social Rights Performance Score,SD.ESR.PERF.XQ,,,,,,,,,,,,,,,,,,,,,,,,,,,,,,,,,,,,,,,,,,,,,,,,1.895486456,1.911655922,1.925398303,1.934644706,1.957579004,1.982371469,1.998214608,2.032823387,2.045535555,2.050317232,2.065505196,2.078114933,,,,,
India,IND,Electricity production from coal sources (% of total),EG.ELC.COAL.ZS,,,,,,,,,,,,49.09164859,52.0151455,49.39282378,53.51861029,51.33486954,54.14840768,52.99409672,48.32060583,49.87635281,51.04435715,53.45953299,56.81924202,57.27730429,58.1204438,62.35772707,63.68650445,68.86419152,67.40176817,68.05104886,65.46363226,67.06780765,68.03823466,70.053347,67.70731782,69.93626965,70.47678379,68.93212716,66.79569867,66.95787603,68.49942425,69.41705728,69.89346472,67.83142323,67.69168015,66.85963647,66.68824892,65.48205784,68.44469591,66.96802144,67.17829809,66.75997826,71.63605506,72.52273811,74.49218587,75.30939896,,,,,,,,
India,IND,"Energy imports, net (% of energy use)",EG.IMP.CONS.ZS,,,,,,,,,,,,9.762031651,9.232099671,9.831581034,9.081814991,7.295552195,8.573584314,8.777171119,7.484055027,9.902650728,9.463231669,7.809565662,6.552875036,4.815674412,4.00055812,6.315665435,5.300916205,5.947143571,6.184235008,7.615272913,8.259887793,8.797442832,11.04552069,11.98499323,12.19736885,13.05507749,14.2569889,14.93412171,17.23037626,20.06241322,20.44553977,20.08046084,20.3527755,19.663346,21.38063836,22.05265263,23.46924171,24.96960723,25.79397946,27.4526763,28.34760875,29.38204199,31.49652228,32.47555404,34.30552375,,,,,,,,,
India,IND,Energy intensity level of primary energy (MJ/$2017 PPP GDP),EG.EGY.PRIM.PP.KD,,,,,,,,,,,,,,,,,,,,,,,,,,,,,,,,,,,,,,,,,6.42,6.22,6.16,5.84,5.73,5.52,5.39,5.31,5.43,5.5,5.34,5.28,5.29,5.11,5.08,4.82,4.54,4.46,4.4,4.25,4.28,,,
India,IND,Energy use (kg of oil equivalent per capita),EG.USE.PCAP.KG.OE,,,,,,,,,,,,266.3479823,266.5058047,268.0001402,272.3023465,275.7213509,280.5265006,282.2605319,279.8974845,286.2700006,287.0362736,294.7783662,299.3389674,302.1546474,307.6466998,316.5600011,320.5043637,325.4578276,335.7559583,344.037189,351.2121381,358.3040361,363.7716254,364.92868,371.3593888,384.9494693,389.063748,396.8091963,398.7357669,413.9886369,416.0832875,414.4834306,419.3542748,422.0570988,437.1330757,447.0279363,463.3997779,482.4564401,499.0387996,541.9943768,558.7865616,574.6241119,595.0623412,600.9660369,630.9008678,,,,,,,,,
India,IND,"Fertility rate, total (births per woman)",SP.DYN.TFRT.IN,5.921,5.937,5.953,5.969,5.979,5.941,5.881,5.825,5.76,5.684,5.624,5.565,5.482,5.402,5.325,5.195,5.13,5.007,4.888,4.808,4.775,4.698,4.62,4.565,4.516,4.432,4.399,4.311,4.222,4.132,4.045,3.959,3.877,3.799,3.723,3.651,3.582,3.514,3.446,3.383,3.35,3.303,3.217,3.122,3.046,2.958,2.864,2.784,2.718,2.673,2.603,2.536,2.467,2.406,2.306,2.287,2.273,2.2,2.177,2.109,2.051,,,
India,IND,Food production index (2014-2016 = 100),AG.PRD.FOOD.XD,,22.27,21.96,22.45,22.98,21.92,21.82,23.17,24.59,25.38,26.82,27.13,25.91,27.92,26.9,30.04,29.75,32.04,33.18,31.54,32.65,35.12,34.81,39.11,39.72,40.49,41.1,40.83,44.88,47.38,47.88,49.15,50.93,52.08,53.73,55.18,56.91,58.84,60.09,62.94,62.71,64.8,60.16,66.28,65.48,68.89,72.55,78.64,80.37,78.84,84.84,90.1,92.35,96.6,99.25,98.49,102.26,108.86,114.18,116.09,120.06,123.84,,
India,IND,Forest area (% of land area),AG.LND.FRST.ZS,,,,,,,,,,,,,,,,,,,,,,,,,,,,,,,21.50484833,21.627713,21.75057766,21.87344233,21.996307,22.11917166,22.24203633,22.364901,22.48776567,22.61063033,22.733495,22.7975676,22.86164019,22.92571279,22.98978538,23.05385798,23.11793057,23.18200317,23.24607576,23.31014836,23.37422095,23.46382169,23.55342242,23.64302315,23.73262388,23.82222461,23.91182535,24.00142608,24.09102681,24.18062754,24.27022827,24.35982901,,
India,IND,Fossil fuel energy consumption (% of total),EG.USE.COMM.FO.ZS,,,,,,,,,,,,35.11979343,35.22633466,35.31958299,36.46745679,36.9354604,37.85033548,38.22397866,37.21770194,38.70258161,39.38335072,41.41914116,43.0251332,43.85183637,45.17457373,47.22557302,48.25300177,49.68344915,51.24904856,52.81420226,53.76395973,55.0634924,56.07028245,56.95683361,58.01455003,59.98794193,60.8251558,61.77329025,62.01581767,63.46040016,63.72739451,63.64796634,64.32920579,64.51923944,65.58374371,65.98980361,66.80567371,67.88343297,69.00512159,71.14349792,71.40469516,71.4717185,72.41907946,72.28545864,73.57697909,,,,,,,,,
India,IND,GDP growth (annual %),NY.GDP.MKTP.KD.ZG,,3.722742533,2.931127735,5.994353262,7.452950123,-2.63577011,-0.05532877,7.825963031,3.387929176,6.539700299,5.157229737,1.642930375,-0.553301305,3.295521135,1.185336255,9.149912016,1.663103638,7.254764588,5.712532089,-5.238182704,6.735821529,6.006203626,3.47573324,7.288892903,3.820737856,5.254299223,4.776564168,3.965355635,9.627782916,5.947343332,5.533454561,1.056831435,5.48239602,4.750776218,6.65892407,7.574491838,7.549522249,4.04982085,6.184415822,8.845755559,3.840991157,4.823966266,3.803975321,7.860381476,7.922936613,7.923430621,8.060732572,7.660815066,3.08669806,7.861888832,8.497584702,5.241315002,5.456388753,6.386106401,7.410227601,7.99625379,8.256305499,6.795383423,6.453851341,3.871436939,-5.831053221,9.050277909,7.239693281,
India,IND,GHG net emissions/removals by LUCF (Mt of CO2 equivalent),EN.CLC.GHGR.MT.CE,,,,,,,,,,,,,,,,,,,,,,,,,,,,,,,,,,,14.2921,,,,,,,,,,,,,,,,,,,,,,,,,,,,,
India,IND,Gini index,SI.POV.GINI,,,,,,,,,,,,,,,,,,33.3,,,,,,32.1,,,,32.6,,,,,,31.7,,,,,,,,,,,34.4,,,,,35.4,,35.7,,,,34.7,34.8,35.9,34.6,35,34.8,34.2,,
India,IND,Government Effectiveness: Estimate,GE.EST,,,,,,,,,,,,,,,,,,,,,,,,,,,,,,,,,,,,,-0.111606687,,-0.114457399,,-0.187351525,,-0.189068422,-0.143909425,-0.179698884,-0.098774634,-0.095376492,0.136991709,-0.009732914,-0.003295789,0.031655986,0.02255407,-0.156087115,-0.156965882,-0.222162053,0.080021866,0.061384145,0.040755548,0.262748897,0.130844653,0.375041097,0.25085631,0.370331407,
India,IND,"Government expenditure on education, total (% of government expenditure)",SE.XPD.TOTL.GB.ZS,,,,,,,,,,,,,,,,,,,,,,,,,,,,,,,,,,,,,,13.32223034,14.15927029,16.95982933,16.73051071,,,12.41079998,11.19686031,11.20845985,11.69371033,,,11.19120026,11.83368015,13.56490993,,14.05018044,,16.33423042,17.15530205,13.54925537,,14.99843025,14.71894455,14.64736176,,
India,IND,Heat Index 35,EN.CLC.HEAT.XD,,,,,,,,,,,31.43,14.04,28.97,34.3,25,23.86,19.73,22.65,29.04,31.62,29.41,27.5,27.1,33.84,26.13,25.46,24.42,38.93,37.6,27.52,27.59,35.08,28.34,35.59,32.48,36.77,32.67,27.55,50.13,30.57,33.86,33.35,43.69,38.71,37.19,39.46,39.11,41.4,27.91,44.66,52.52,38.28,41.45,40.79,45.04,49.98,59.01,56.82,51.05,59.68,56.3,,,
India,IND,Heating Degree Days,EN.CLC.HDDY.XD,,,,,,,,,,,941.44,936.1,987.55,942.08,999.21,1012.83,929.24,937.13,993.53,937.45,906.1,963.76,983.74,1022.06,978.28,907.25,987.41,938.63,870.22,1021.06,884.65,974.46,959.74,917.63,902.41,953.37,947.31,1024.4,920.66,895.82,914.86,908.11,896.38,966.41,912.08,937.29,851.56,873.6,919.68,863.04,917.82,938.08,975.68,939.94,977.7,937.26,811.98,846.83,924.59,967.32,936.43,,,
India,IND,"Hospital beds (per 1,000 people)",SH.MED.BEDS.ZS,0.458986908,,,,,,,,,,0.604499996,,,,,0.588199973,,,,,0.769699991,0.769400001,,,,0.769200027,,0.718200028,,,,0.787000001,,,,,,,,,0.65,0.64,0.63,0.899999976,,0.41,0.42,0.41,0.41,0.44,0.47,0.63,0.49,0.49,0.52,0.58,0.48,0.53,,,,,,
India,IND,Income share held by lowest 20%,SI.DST.FRST.20,,,,,,,,,,,,,,,,,,8.2,,,,,,8.5,,,,8.7,,,,,,8.9,,,,,,,,,,,8.5,,,,,8.3,,8.1,,,,8.4,8.3,8.2,8.1,7.8,7.9,8.1,,
India,IND,Individuals using the Internet (% of population),IT.NET.USER.ZS,,,,,,,,,,,,,,,,,,,,,,,,,,,,,,,0,0,0.000111308,0.000218176,0.001069562,0.026228879,0.046333977,0.070767849,0.139027329,0.273224277,0.52753245,0.660146377,1.537875582,1.686489971,1.976136492,2.388075,2.805499865,3.95,4.38,5.12,7.5,10.07,11.1,12.3,13.5,14.9,16.5,18.2,20.08130004,29.52351142,43.40544313,46.31,,
India,IND,"Labor force participation rate, total (% of total population ages 15-64) (modeled ILO estimate)",SL.TLF.ACTI.ZS,,,,,,,,,,,,,,,,,,,,,,,,,,,,,,,55.954,55.909,55.886,55.885,55.905,56.473,57.04,57.608,58.175,58.742,59.308,58.794,58.279,57.762,57.241,56.716,56.742,56.766,56.791,56.818,56.847,56.173,55.501,54.595,53.702,52.822,51.942,51.064,50.187,52.08,50.896,51.343,,
India,IND,Land Surface Temperature,EN.LND.LTMP.DC,,,,,,,,,,,,,,,,,,,,,,,,,,,,,,,,,,,,,,,,,34.749808,33.7515607,33.7534865,33.3756866,33.2483983,33.251224,33.124805,33.1258523,32.8749385,33.7540385,33.248998,32.6255724,33.2509598,32.6251325,32.7502237,32.7485085,33.7488876,33.3755332,32.7504196,32.7497783,31.8756492,31.8746559,,
India,IND,Level of water stress: freshwater withdrawal as a proportion of available freshwater resources,ER.H2O.FWST.ZS,,,,,,,,,,,,,,,,39.02238653,40.22078456,41.41918258,42.61758061,43.81597864,45.01437667,46.2127747,47.41117273,48.60957075,49.80796878,51.00636681,51.07414253,51.14191826,51.20969398,51.27746971,51.34524543,52.47894331,53.6126412,54.74633908,55.88003697,57.01373485,58.14743274,59.28113062,60.41482851,61.54852639,62.68222428,64.22874204,65.77525981,67.32177757,64.2061717,64.58715855,64.96814541,65.34913227,65.73011912,66.11110598,66.49209283,66.49209283,66.49209283,66.49209283,66.49209283,66.49209283,66.49209283,66.49209283,66.49209283,66.49209283,66.49209283,,,
India,IND,"Life expectancy at birth, total (years)",SP.DYN.LE00.IN,45.218,45.398,45.659,45.936,46.184,44.98,45.333,45.674,47.471,47.857,48.241,48.632,49.025,49.539,50.244,50.812,51.388,51.909,52.492,53.06,53.611,54.175,54.732,55.281,55.816,56.334,56.835,57.315,57.777,58.233,58.652,59.055,59.452,59.815,60.216,60.596,60.984,61.388,61.792,62.207,62.669,63.091,63.616,64.094,64.524,64.996,65.412,65.788,66.149,66.513,66.909,67.359,67.887,68.46,69.074,69.636,70.117,70.467,70.71,70.91,70.15,,,
India,IND,"Literacy rate, adult total (% of people ages 15 and above)",SE.ADT.LITR.ZS,,,,,,,,,,,,,,,,,,,,,,40.76359177,,,,,,,,,,48.22206879,,,,,,,,,,61.0145607,,,,,62.75447083,,,,,69.3025589,,,,,,,,,,,76.32277679,
India,IND,"Mammal species, threatened",EN.MAM.THRD.NO,,,,,,,,,,,,,,,,,,,,,,,,,,,,,,,,,,,,,,,,,,,,,,,,,,,,,,,,,,,93,,,,,
India,IND,Methane emissions (metric tons of CO2 equivalent per capita),EN.ATM.METH.PC,,,,,,,,,,,,,,,,,,,,,,,,,,,,,,,0.606670606,0.601149296,0.590294839,0.582869304,0.576153026,0.575797726,0.5747032,0.572953589,0.569992845,0.566711866,0.56119655,0.553613263,0.538117876,0.536229694,0.533884853,0.537033444,0.536865223,0.540112275,0.539671346,0.532442998,0.531135091,0.52972054,0.522129893,0.518600782,0.515631698,0.513150148,0.511300777,0.507153694,0.508029136,0.50352521,0.499614081,,,
India,IND,"Mortality rate, under-5 (per 1,000 live births)",SH.DYN.MORT,242.8,239.3,236.1,233.2,230.4,227.8,225.3,222.7,220.2,217.5,214.5,211.4,208.1,204.4,200.3,195.9,190.9,185.6,180.1,174.5,169,163.8,159,154.5,150.3,146.2,142.2,138.2,134.2,130.3,126.5,122.9,119.5,116.2,112.8,109.4,106,102.5,98.9,95.3,91.6,88,84.5,81.1,77.7,74.4,71.1,67.8,64.5,61.3,58.1,55,52,49.1,46.2,43.6,41,38.7,36.4,34.3,32.4,30.6,,
India,IND,Net migration,SM.POP.NETM,52264,114181,110398,48986,5837,19077,-144807,-124336,-184326,-171683,-45792,-220417,-60291,-62763,-168162,-225989,-436104,-31092,-13841,68198,202323,23662,-26106,46174,-57788,-112781,-258917,-232178,-103742,-13987,108465,-158007,8198,2440,110095,-57139,-26079,1240,-28485,-106592,-149966,-177306,-208070,-255516,-214351,-550186,-678231,-769184,-846785,-803437,-380087,-244114,-180991,-236387,-310694,-475094,68119,-219656,-561563,-593495,-34772,,,
India,IND,Nitrous oxide emissions (metric tons of CO2 equivalent per capita),EN.ATM.NOXE.PC,,,,,,,,,,,,,,,,,,,,,,,,,,,,,,,0.166199184,0.167411846,0.168544223,0.168958209,0.171610933,0.171868252,0.173610315,0.175505098,0.17604763,0.175746921,0.169467854,0.170285654,0.161835006,0.16550171,0.168606809,0.174273995,0.179809302,0.185193933,0.186460897,0.187954584,0.192352579,0.196013872,0.192039815,0.189788658,0.189549174,0.190340569,0.187475659,0.188611157,0.191559628,0.195425249,0.199804042,,,
India,IND,"Patent applications, residents",IP.PAT.RESD,,,,,,,,,,,,,,,,,,,,,1207,1067,1128,,1003,982,999,988,1033,1048,1147,1267,1248,1209,1588,1545,1661,1926,2247,2206,2206,2379,2693,3425,4014,4721,5686,6296,6425,7262,8853,8841,9553,10669,12040,12579,13199,14961,16289,19454,23141,26267,,
India,IND,People using safely managed drinking water services (% of population),SH.H2O.SMDW.ZS,,,,,,,,,,,,,,,,,,,,,,,,,,,,,,,,,,,,,,,,,,,,,,,,,,,,,,,,,,,,,,,,
India,IND,People using safely managed sanitation services (% of population),SH.STA.SMSS.ZS,,,,,,,,,,,,,,,,,,,,,,,,,,,,,,,,,,,,,,,,,6.096392313,7.399400388,8.782426344,10.17746712,12.56089644,14.66108933,16.76951846,18.96300541,21.16935265,23.38820895,25.6195429,27.86325391,30.11935259,32.38714535,34.66598361,36.95517413,39.25401861,41.47564339,43.62501301,45.76642277,47.89959768,50.0241473,52.1399331,
India,IND,"PM2.5 air pollution, mean annual exposure (micrograms per cubic meter)",EN.ATM.PM25.MC.M3,,,,,,,,,,,,,,,,,,,,,,,,,,,,,,,71.4997561,,,,,65.62043097,,,,,70.47513018,,,,,70.80607699,,,,,76.67834222,79.99719051,86.38168408,89.45226202,95.24264397,88.44512429,92.23194665,81.81164804,83.04086375,83.19931634,,,,
India,IND,Political Stability and Absence of Violence/Terrorism: Estimate,PV.EST,,,,,,,,,,,,,,,,,,,,,,,,,,,,,,,,,,,,,-0.972584128,,-1.20082128,,-1.00120759,,-1.210664988,-1.50999701,-1.28043294,-1.013880491,-1.065184236,-1.154295802,-1.109707355,-1.355547905,-1.2779845,-1.32679534,-1.289309859,-1.229174137,-0.99791199,-0.954773545,-0.960426509,-0.774099052,-0.997705162,-0.796840608,-0.841136158,-0.691997945,-0.568608165,
India,IND,Population ages 65 and above (% of total population),SP.POP.65UP.TO.ZS,3.291464021,3.329064654,3.385369906,3.450237298,3.508184219,3.55053982,3.577399045,3.590134046,3.596909595,3.607890468,3.624713332,3.649822193,3.686205517,3.730871051,3.778778088,3.827192958,3.873631176,3.913166165,3.944332684,3.968269162,3.984675728,3.995323488,4.003416748,4.00990695,4.015224538,4.020972035,4.027811959,4.036383738,4.04747723,4.061814407,4.080536752,4.104088514,4.132031107,4.164176608,4.200377593,4.240553463,4.2848545,4.332566509,4.38349294,4.437660127,4.493683062,4.551883114,4.613991159,4.677712821,4.737673409,4.793042956,4.846329949,4.898343297,4.95067779,5.005686273,5.065987426,5.135396172,5.217438256,5.315839598,5.45741729,5.640294939,5.835516764,6.040795894,6.254069446,6.47202495,6.672320068,,,
India,IND,Population density (people per sq. km of land area),EN.POP.DNST,,153.4889718,157.0784891,160.7477554,164.4897598,168.2080008,171.8667885,175.5646524,179.4139994,183.4106364,187.5094767,191.7130012,196.0311897,200.4942446,205.0733223,209.7155644,214.3998359,219.1873469,224.0918878,229.1304568,234.3706204,239.7658064,245.24819,250.850617,256.5914577,262.4259075,268.3578893,274.357214,280.4158769,286.5651617,292.7670835,298.9858556,305.2526239,311.5681463,317.9285407,324.3247586,330.7159038,337.1245127,343.5483693,349.9608347,356.3962192,362.9000861,369.4056011,375.8303785,382.1701886,388.3501266,394.3151255,400.1398528,405.8720788,411.5580101,417.2668481,422.9871589,428.659862,434.2581749,439.6780929,444.931708,450.2357199,455.468934,460.4493174,465.1946394,469.6595667,473.4187327,,
India,IND,Poverty headcount ratio at national poverty lines (% of population),SI.POV.NAHC,,,,,,,,,,,,,,,,,,,,,,,,,,,,,,,,,,,,,,,,,,,,,37.2,,,,,29.8,,21.9,,,,,,,,,,,,
India,IND,Prevalence of overweight (% of adults),SH.STA.OWAD.ZS,,,,,,,,,,,,,,,,5.3,5.5,5.7,5.9,6.1,6.3,6.6,6.8,7,7.3,7.5,7.8,8,8.3,8.6,8.9,9.1,9.4,9.7,10.1,10.4,10.7,11.1,11.4,11.8,12.1,12.5,12.9,13.3,13.8,14.2,14.6,15.1,15.6,16,16.5,17,17.5,18,18.6,19.1,19.7,,,,,,,
India,IND,Prevalence of undernourishment (% of population),SN.ITK.DEFC.ZS,,,,,,,,,,,,,,,,,,,,,,,,,,,,,,,,,,,,,,,,,,18.3,19.9,21.4,22,21.4,19.4,17.2,16.2,16,15.7,15.4,14.8,14.6,14.4,14,13.5,12.9,13.1,14.4,15.9,16.6,,
India,IND,Proportion of bodies of water with good ambient water quality,EN.H2O.BDYS.ZS,,,,,,,,,,,,,,,,,,,,,,,,,,,,,,,,,,,,,,,,,,,,,,,,,,,,,,,,,,,,,,,,
India,IND,Proportion of seats held by women in national parliaments (%),SG.GEN.PARL.ZS,,,,,,,,,,,,,,,,,,,,,,,,,,,,,,,,,,,,,,7.155963303,8.103130755,8.440366972,9.007352941,8.839779006,8.839779006,8.839779006,8.256880734,8.287292818,8.256880734,9.057301294,9.057301294,10.82568807,10.82568807,11.00917431,11.00917431,11.00917431,11.41804788,11.97053407,11.97053407,11.80811808,11.80811808,14.39114391,14.36464088,14.44444444,14.94464945,
India,IND,Ratio of female to male labor force participation rate (%) (modeled ILO estimate),SL.TLF.CACT.FM.ZS,,,,,,,,,,,,,,,,,,,,,,,,,,,,,,,35.14816408,35.24410486,35.37061943,35.53903818,35.76764013,35.96228844,36.16501815,36.37639752,36.59594926,36.82433259,37.06096672,37.35404261,37.6690133,38.00421962,38.36429243,38.74816777,38.24440972,37.74653637,37.25552491,36.77094279,36.29266201,35.41761811,34.55471322,33.40639505,32.28639942,31.19373674,30.13110338,29.09824997,28.09345334,32.24236823,31.38875048,31.62347309,32.54967472,32.68818953
India,IND,Regulatory Quality: Estimate,RQ.EST,,,,,,,,,,,,,,,,,,,,,,,,,,,,,,,,,,,,,-0.553349972,,-0.443266034,,-0.159504071,,-0.381400049,-0.38163045,-0.37812984,-0.291889518,-0.283315152,-0.313716233,-0.413643241,-0.34953326,-0.410472035,-0.363154948,-0.480885625,-0.478094786,-0.475076437,-0.424956709,-0.311531931,-0.256514043,-0.225996733,-0.150565445,-0.128488675,-0.090854593,-0.050446417,
India,IND,Renewable electricity output (% of total electricity output),EG.ELC.RNEW.ZS,,,,,,,,,,,,,,,,,,,,,,,,,,,,,,,24.48929396,22.80740221,20.75265214,19.55881334,21.21909967,17.26053911,15.76729394,16.01513081,16.70110829,15.25807575,13.59094803,13.20704353,12.05516116,13.46942476,14.4825005,16.61901808,17.54042472,17.86408569,16.50983374,15.66005525,16.04374444,17.31696286,15.73297336,17.34931383,16.25383982,15.34305035,,,,,,,,
India,IND,Renewable energy consumption (% of total final energy consumption),EG.FEC.RNEW.ZS,,,,,,,,,,,,,,,,,,,,,,,,,,,,,,,52.95,52,51.46,51.49,50.49,49.54,49.13,47.89,47.95,47.11,46.88,47.11,45.75,45.63,44.92,44.16,43.16,41.54,39.38,37.41,36.16,35.01,34.75,34.86,33.85,33.4,33.01,32.57,32.73,33.27,35.82,,,
India,IND,Research and development expenditure (% of GDP),GB.XPD.RSDV.GD.ZS,,,,,,,,,,,,,,,,,,,,,,,,,,,,,,,,,,,,,0.639050007,0.686689973,0.703790009,0.724129975,0.756990016,0.735909998,0.72566998,0.719290018,0.756900012,0.824109972,0.804729998,0.805069983,0.858759999,0.833140016,0.788489997,0.755020022,0.743990004,0.706420004,0.701590002,0.693099976,0.669839978,0.66602999,0.66000998,0.659420013,0.64635998,,,
India,IND,Rule of Law: Estimate,RL.EST,,,,,,,,,,,,,,,,,,,,,,,,,,,,,,,,,,,,,0.313456208,,0.335014313,,0.348079592,,-0.017395871,0.120161645,0.053356059,0.133130163,0.178989619,0.096898161,0.09585046,0.017980825,-0.035810821,-0.08629714,-0.062880747,-0.045691311,-0.068644837,-0.069937095,-0.055489417,-0.029448533,-0.000957083,-0.06662368,-0.057718564,-0.108277,0.114700042,
India,IND,"School enrollment, primary (% gross)",SE.PRM.ENRR,,,,,,,,,,,,77.41378784,78.40390778,81.73573303,81.21514893,81.904953,81.42256927,83.98291016,80.22691345,80.0406723,81.32977295,82.58339691,83.41538239,85.47731018,87.32562256,87.41472626,89.60289764,87.54055023,89.0692215,92.2303009,91.64842987,91.30232239,91.79192352,93.39665222,94.3418808,93.6837616,93.17089844,92.8254776,91.30761719,91.82457733,93.32395172,92.7808609,93.08487701,100.7741394,,,,107.9235687,108.3117065,106.9168015,106.5515137,103.9550171,107.7708817,102.5175705,,100.7127686,100.2540359,,97.59329987,96.11712646,97.9693222,99.39272308,108.1451721,
India,IND,"School enrollment, primary and secondary (gross), gender parity index (GPI)",SE.ENR.PRSC.FM.ZS,,,,,,,,,,,,0.578909993,0.582499981,0.592090011,,0.599870026,0.603519976,0.607659996,0.600009978,,0.610979974,0.618969977,0.61589998,0.640160024,0.627759993,,0.657949984,0.668169975,0.677860022,0.67543,,,,0.740249991,0.753220022,0.754369974,0.762629986,0.775860012,,0.79697001,0.802240014,0.809880018,0.830370009,0.915700018,,,,0.942560017,0.967050016,0.989970028,0.989049971,0.998529971,1.003399968,1.035693049,1.032517552,1.03027153,1.030451775,1.084020019,1.015334487,1.019774318,1.007327437,0.99164027,,
India,IND,Scientific and technical journal articles,IP.JRN.ARTC.SC,,,,,,,,,,,,,,,,,,,,,,,,,,,,,,,,,,,,,18904.78,19348.5,19717.89,20837.67,21408.98,22532.95,24313.44,26819.84,28779.55,32885.07,38130.93,42576.2,48135.46,53556.94,60555.03,71809.31,77746.24,82779.36,91336.65,97787.68,107193.04,112504.97,127527.46,129549.92,149212.62,,,
India,IND,Standardised Precipitation-Evapotranspiration Index,EN.CLC.SPEI.XD,-0.862968022,1.708744687,0.563128596,0.275446844,0.608502139,-1.641714189,-1.168014637,-0.170082286,-1.172666695,-0.613689554,1.420618382,0.521909626,-2.31230517,0.950475531,-1.090182836,1.608301585,-0.207561642,1.05615331,1.099265092,-0.868649421,-0.48616402,0.584972296,-1.103317797,1.330577245,-0.656763654,-0.546134341,-0.967502343,-1.578824523,1.231755946,-1.020178776,1.461819478,-0.870448864,-1.497113446,-0.59358969,0.383761775,0.261733422,-0.159242874,0.04946607,0.557456966,-0.712996864,-0.879293038,-1.025149912,-2.075233011,-0.774315882,-1.164392132,-0.197014941,0.537322349,-0.114925517,0.382488444,-1.651050372,1.106199121,0.133884987,-0.656339955,1.409963432,-0.741910185,-0.139608484,-0.287425087,0.175999643,-1.168407401,1.754936904,1.073866892,0.79531536,,
India,IND,Strength of legal rights index (0=weak to 12=strong),IC.LGL.CRED.XQ,,,,,,,,,,,,,,,,,,,,,,,,,,,,,,,,,,,,,,,,,,,,,,,,,,,,,,6,6,6,6,8,9,9,,,,
India,IND,Terrestrial and marine protected areas (% of total territorial area),ER.PTD.TOTL.ZS,,,,,,,,,,,,,,,,,,,,,,,,,,,,,,,,,,,,,,,,,,,,,,,,,,,,,,,,,3.479305985,3.479306895,3.479306895,3.479306571,3.479306571,4.395609044,4.395609044,
India,IND,Tree Cover Loss (hectares),AG.LND.FRLS.HA,,,,,,,,,,,,,,,,,,,,,,,,,,,,,,,,,,,,,,,,,,,53005,47751,74129,62505,67411,73907,85953,79203,51317,88460,95069,80866,139138,116308,175362,189421,132233,121154,137716,132748,,
India,IND,"Unemployment, total (% of total labor force) (modeled ILO estimate)",SL.UEM.TOTL.ZS,,,,,,,,,,,,,,,,,,,,,,,,,,,,,,,,6.737,6.815,6.798,6.83,7.014,7.181,7.279,7.487,7.709,7.77,7.957,8.102,8.36,8.531,8.7,8.625,8.536,8.354,8.384,8.319,8.168,8.095,8.037,7.981,7.915,7.842,7.733,7.65,6.51,10.195,7.713,7.33,7.338
India,IND,Unmet need for contraception (% of married women ages 15-49),SP.UWT.TFRT,,,,,,,,,,,,,,,,,,,,,,,,,,,,,,,,,,20.3,,,,,,16.1,,,,21.1,,,13.9,,20.5,,,,,,,,12.9,,,,9.4,9.4,,
India,IND,Voice and Accountability: Estimate,VA.EST,,,,,,,,,,,,,,,,,,,,,,,,,,,,,,,,,,,,,0.476563722,,0.391242564,,0.352063388,,0.426245898,0.454564899,0.399967372,0.41368565,0.437193722,0.453963935,0.462193102,0.46074909,0.443312973,0.435818583,0.399454206,0.432780147,0.41331318,0.427884758,0.440999389,0.387068421,0.360433936,0.268094271,0.126321062,0.090988867,0.050905809,
